date,ABN AMRO BANK - DIVIDEND YIELD,ABN AMRO BANK - MRKT VALUE TO BOOK,ADYEN - DIVIDEND YIELD,ADYEN - MRKT VALUE TO BOOK,AEGON - DIVIDEND YIELD,AEGON - MRKT VALUE TO BOOK,KONINKLIJKE AHOLD DELHAIZE - DIVIDEND YIELD,KONINKLIJKE AHOLD DELHAIZE - MRKT VALUE TO BOOK,AKZO NOBEL - DIVIDEND YIELD,AKZO NOBEL - MRKT VALUE TO BOOK,ARCELORMITTAL - DIVIDEND YIELD,ARCELORMITTAL - MRKT VALUE TO BOOK,ASM INTERNATIONAL - DIVIDEND YIELD,ASM INTERNATIONAL - MRKT VALUE TO BOOK,ASML HOLDING - DIVIDEND YIELD,ASML HOLDING - MRKT VALUE TO BOOK,ASR NEDERLAND - DIVIDEND YIELD,ASR NEDERLAND - MRKT VALUE TO BOOK,BE SEMICONDUCTOR INDUSTRIES - DIVIDEND YIELD,BE SEMICONDUCTOR INDUSTRIES - MRKT VALUE TO BOOK,DSM FIRMENICH - DIVIDEND YIELD,DSM FIRMENICH - MRKT VALUE TO BOOK,EXOR NV ORD - DIVIDEND YIELD,HEINEKEN - DIVIDEND YIELD,HEINEKEN - MRKT VALUE TO BOOK,IMCD GROUP - DIVIDEND YIELD,IMCD GROUP - MRKT VALUE TO BOOK,ING GROEP - DIVIDEND YIELD,ING GROEP - MRKT VALUE TO BOOK,KPN KON - DIVIDEND YIELD,KPN KON - MRKT VALUE TO BOOK,NN GROUP - DIVIDEND YIELD,NN GROUP - MRKT VALUE TO BOOK,PHILIPS ELTN.KONINKLIJKE - DIVIDEND YIELD,PHILIPS ELTN.KONINKLIJKE - MRKT VALUE TO BOOK,PROSUS N - DIVIDEND YIELD,PROSUS N - MRKT VALUE TO BOOK,RANDSTAD - DIVIDEND YIELD,RANDSTAD - MRKT VALUE TO BOOK,RELX (AMS) - DIVIDEND YIELD,SHELL (AMS) - DIVIDEND YIELD,SHELL (AMS) - MRKT VALUE TO BOOK,UNIVERSAL MUSIC GROUP - DIVIDEND YIELD,UNIVERSAL MUSIC GROUP - MRKT VALUE TO BOOK,UNILEVER (UK) (AMS) - DIVIDEND YIELD,WOLTERS KLUWER - DIVIDEND YIELD,WOLTERS KLUWER - MRKT VALUE TO BOOK
3/26/1987,,,,,3.66,1.5,1.63,2.32,4.64,1.5,,,,,,,,,,,,,,2.03,1.8,,,,,,,,,4.01,0.74,,,,,,7.27,,,,,1.7,2.77
4/26/1987,,,,,3.56,1.54,1.64,2.31,4.85,1.43,,,,,,,,,,,,,,1.96,1.86,,,,,,,,,4.01,0.75,,,,,,7.22,,,,,1.53,3.08
5/26/1987,,,,,3.68,1.53,1.55,2.22,5.1,1.36,,,,,,,,,,,,,,2.02,1.81,,,,,,,,,4.17,0.72,,,,,,6.81,,,,,1.72,3.11
6/26/1987,,,,,3.34,1.69,1.55,2.44,4.27,1.63,,,,,,,,,,,,,,1.95,1.87,,,,,,,,,3.85,0.78,,,,,,6.64,,,,,1.61,3.31
7/26/1987,,,,,3.33,1.69,1.51,2.51,4.03,1.72,,,,,,,,,,,,,,1.84,1.98,,,,,,,,,3.6,0.83,,,,,,6.13,,,,,1.72,3.11
8/26/1987,,,,,3.2,1.76,1.47,2.58,3.72,1.87,,,,,,,,,,,,,,1.8,2.02,,,,,,,,,3.77,0.79,,,,,,6.34,,,,,1.7,4.38
9/26/1987,,,,,3.7,1.52,1.53,2.47,3.73,1.86,,,,,,,,,,,,,,2.0,1.82,,,,,,,,,3.95,0.76,,,,,,6.71,,,,,1.63,4.57
10/26/1987,,,,,5.49,1.03,2.61,1.45,5.28,1.32,,,,,,,,,,,,,,2.63,1.39,,,,,,,,,5.24,0.57,,,,,,8.39,,,,,2.23,3.39
11/26/1987,,,,,5.87,0.96,2.56,1.48,7.4,0.94,,,,,,,,,,,,,,2.87,1.27,,,,,,,,,6.69,0.45,,,,,,8.7,,,,,2.12,3.56
12/26/1987,,,,,5.15,1.1,2.48,1.53,7.11,0.98,,,,,,,,,,,,,,2.73,1.33,,,,,,,,,7.25,0.41,,,,,,8.48,,,,,1.93,3.92
1/26/1988,,,,,5.56,0.79,2.29,1.41,7.39,0.84,,,,,,,,,,,,,,2.9,1.12,,,,,,,,,8.3,0.34,,,,,,8.47,,,,,1.89,3.43
2/26/1988,,,,,5.02,0.87,2.19,1.47,6.6,0.94,,,,,,,,,,,,,,2.99,1.08,,,,,,,,,7.58,0.37,,,,,,8.21,,,,,1.77,3.66
3/26/1988,,,,,4.72,0.93,2.3,1.4,6.29,0.98,,,,,,,,,,,,,,2.75,1.18,,,,,,,,,7.04,0.4,,,,,,7.83,,,,,1.81,3.6
4/26/1988,,,,,5.08,0.98,2.27,1.42,6.01,1.03,,,,,,,,,,,,,,2.77,1.17,,,,,,,,,7.04,0.4,,,,,,7.39,,,,,1.67,3.88
5/26/1988,,,,,4.89,1.03,2.25,1.43,6.08,1.02,,,,,,,,,,,,,,2.73,1.19,,,,,,,,,7.33,0.38,,,,,,7.75,,,,,1.94,4.04
6/26/1988,,,,,4.33,1.16,1.95,1.65,5.27,1.17,,,,,,,,,,,,,,2.44,1.33,,,,,,,,,6.12,0.46,,,,,,7.36,,,,,1.81,4.32
7/26/1988,,,,,4.47,1.14,1.8,1.79,4.63,1.34,,,,,,,,,,,,,,2.4,1.35,,,,,,,,,5.93,0.47,,,,,,7.21,,,,,1.77,4.41
8/26/1988,,,,,4.75,1.08,1.94,1.66,4.85,1.27,,,,,,,,,,,,,,2.39,1.35,,,,,,,,,6.29,0.45,,,,,,7.51,,,,,1.86,4.2
9/26/1988,,,,,4.59,1.17,1.94,1.66,4.59,1.35,,,,,,,,,,,,,,2.55,1.27,,,,,,,,,6.15,0.46,,,,,,8.55,,,,,1.7,4.59
10/26/1988,,,,,4.47,1.21,1.86,1.73,4.22,1.47,,,,,,,,,,,,,,2.44,1.33,,,,,,,,,6.39,0.49,,,,,,8.43,,,,,1.66,4.72
11/26/1988,,,,,4.66,1.16,1.89,1.7,4.57,1.35,,,,,,,,,,,,,,2.52,1.29,,,,,,,,,6.54,0.47,,,,,,8.57,,,,,1.76,4.72
12/26/1988,,,,,4.32,1.25,1.83,1.76,4.32,1.43,,,,,,,,,,,,,,2.45,1.32,,,,,,,,,5.97,0.52,,,,,,8.38,,,,,1.8,4.62
1/26/1989,,,,,4.23,1.04,1.69,1.38,4.25,1.39,,,,,,,,,,,,,,2.35,1.3,,,,,,,,,5.52,0.55,,,,,,7.69,,,,,1.65,4.91
2/26/1989,,,,,4.32,1.02,1.75,1.34,5.08,1.32,,,,,,,,,,,,,,2.43,1.25,,,,,,,,,5.48,0.55,,,,,,7.87,,,,,1.7,5.38
3/26/1989,,,,,4.27,1.03,1.58,1.48,5.07,1.32,,,,,,,,,,,,,,2.39,1.27,,,,,,,,,5.13,0.59,,,,,,7.25,,,,,1.69,5.41
4/26/1989,,,,,3.95,1.12,1.48,1.58,4.9,1.37,,,,,,,,,,,,,,2.39,1.27,,,,,,,,,5.25,0.59,,,,,,6.94,,,,,1.76,6.23
5/26/1989,,,,,4.91,1.16,1.42,1.78,5.13,1.33,,,,,,,,,,,,,,2.51,1.21,,,,,,,,,5.15,0.6,,,,,,6.74,,,,,1.78,6.15
6/26/1989,,,,,4.61,1.24,1.39,1.82,4.9,1.39,,,,,,,,,,,,,,2.22,1.37,,,,,,,,,5.0,0.62,,,,,,6.85,,,,,1.62,6.75
7/26/1989,,,,,4.41,1.3,1.31,1.93,5.28,1.29,,,,,,,,,,,,,,2.12,1.44,,,,,,,,,4.73,0.65,,,,,,6.69,,,,,1.57,6.99
8/26/1989,,,,,4.27,1.34,1.18,2.15,5.13,1.33,,,,,,,,,,,,,,2.06,1.48,,,,,,,,,4.82,0.64,,,,,,6.48,,,,,1.51,7.27
9/26/1989,,,,,4.49,1.36,1.31,2.06,5.28,1.29,,,,,,,,,,,,,,2.51,1.52,,,,,,,,,4.18,0.76,,,,,,6.47,,,,,1.62,6.75
10/26/1989,,,,,4.75,1.28,1.49,1.82,5.74,1.19,,,,,,,,,,,,,,2.79,1.36,,,,,,,,,4.33,0.74,,,,,,7.09,,,,,1.76,6.45
11/26/1989,,,,,4.65,1.31,1.37,1.97,5.84,1.17,,,,,,,,,,,,,,2.92,1.3,,,,,,,,,4.12,0.78,,,,,,7.14,,,,,1.77,6.42
12/26/1989,,,,,4.53,1.35,1.34,2.02,5.54,1.23,,,,,,,,,,,,,,2.78,1.37,,,,,,,,,4.28,0.75,,,,,,6.76,,,,,1.74,6.53
1/26/1990,,,,,4.65,0.84,1.48,1.94,5.95,1.18,,,,,,,,,,,,,,3.01,1.19,,,,,,,,,4.69,1.03,,,,,,7.07,,,,,1.77,4.5
2/26/1990,,,,,4.91,0.8,1.61,1.79,6.99,1.07,,,,,,,,,,,,,,3.4,1.05,,,,,,,,,4.94,1.0,,,,,,6.97,,,,,1.76,4.57
3/26/1990,,,,,4.64,0.85,1.42,2.03,6.08,1.23,,,,,,,,,,,,,,3.07,1.16,,,,,,,,,4.65,1.06,,,,,,6.71,,,,,1.57,5.13
4/26/1990,,,,,4.76,0.96,1.36,2.11,6.27,1.19,,,,,,,,,,,,,,2.95,1.21,,,,,,,,,5.12,0.97,,,,,,7.37,,,,,1.7,5.36
5/26/1990,,,,,4.67,1.0,1.43,2.34,6.8,1.13,,,,,,,,,,,,,,2.76,1.3,,,,,,,,,5.99,0.83,,,,,,7.13,,,,,1.59,5.73
6/26/1990,,,,,4.38,1.07,1.39,2.41,6.45,1.19,,,,,,,,,,,,,,2.8,1.27,,,,,,,,,5.93,0.83,,,0.0,3.78,,7.15,,,,,1.67,5.46
7/26/1990,,,,,4.38,1.06,1.46,2.29,6.91,1.11,,,,,,,,,,,,,,2.67,1.34,,,,,,,,,7.07,0.7,,,0.0,3.78,,6.9,,,,,1.64,5.57
8/26/1990,,,,,5.18,0.9,1.68,1.99,8.84,0.87,,,,,,,,,,,,,,3.12,1.14,,,,,,,,,8.37,0.59,,,0.0,3.52,,7.29,,,,,1.95,4.77
9/26/1990,,,,,5.2,0.9,1.73,2.04,9.08,0.84,,,,,,,,,,,,,,2.99,1.19,,,,,,,,,9.26,0.54,,,0.0,3.63,,7.44,,,,,1.87,4.96
10/26/1990,,,,,5.36,0.9,1.67,2.12,10.55,0.73,,,,,,,,,,,,,,2.77,1.29,,,,,,,,,10.1,0.52,,,0.0,3.63,,7.65,,,,,1.74,5.36
11/26/1990,,,,,5.52,0.88,1.62,2.18,11.99,0.64,,,,,,,,,,,,,,2.71,1.32,,,,,,,,,9.62,0.55,,,0.0,3.55,,7.87,,,,,1.83,5.22
12/26/1990,,,,,5.53,0.87,1.59,2.22,10.55,0.73,,,,,,,,,,,,,,2.56,1.39,,,,,,,,,0.0,0.55,,,0.0,3.43,,7.77,,,,,1.83,5.76
1/26/1991,,,,,5.15,0.91,1.68,2.41,10.19,0.73,,,,,,,,,,,,,,2.64,1.26,,,,,,,,,0.0,0.56,,,0.0,2.89,,8.24,,,,,1.89,5.72
2/26/1991,,,,,4.89,0.96,1.51,2.74,8.89,0.84,,,,,,,,,,,,,,2.45,1.36,,,,,,,,,0.0,0.68,,,0.0,2.8,,7.67,,,,,1.62,6.67
3/26/1991,,,,,4.84,0.97,1.36,3.05,6.17,0.98,,,,,,,,,,,,,,2.35,1.42,,,0.0,0.83,,,,,0.0,0.71,,,0.0,3.24,,6.91,,,,,1.64,6.57
4/26/1991,,,,,4.79,0.98,1.29,3.23,5.64,1.07,,,,,,,,,,,,,,2.25,1.49,,,0.0,0.91,,,,,0.0,0.7,,,0.0,3.13,,6.53,,,,,1.56,6.96
5/26/1991,,,,,5.96,0.95,2.01,3.08,6.03,1.01,,,,,,,,,,,,,,2.28,1.46,,,0.0,0.89,,,,,0.0,0.81,,,3.61,3.1,,6.73,,,,,1.89,6.72
6/26/1991,,,,,6.03,0.94,1.95,3.16,5.73,1.06,,,,,,,,,,,,,,2.38,1.4,,,0.0,0.87,,,,,0.0,0.8,,,3.7,3.02,,6.71,,,,,1.88,6.74
7/26/1991,,,,,5.9,0.96,1.97,3.15,5.66,1.07,,,,,,,,,,,,,,2.3,1.45,,,0.0,0.86,,,,,0.0,0.86,,,3.94,2.83,,6.57,,,,,1.86,6.8
8/26/1991,,,,,6.01,0.94,1.98,3.12,5.31,1.14,,,,,,,,,,,,,,2.28,1.46,,,0.0,0.84,,,,,0.0,0.94,,,3.91,2.86,,6.6,,,,,1.9,6.65
9/26/1991,,,,,6.47,0.98,1.49,3.19,5.49,1.1,,,,,,,,,,,,,,2.28,1.46,,,6.2,0.82,,,,,0.0,0.91,,,3.92,2.85,,6.98,,,,,1.78,7.13
10/26/1991,,,,,6.52,0.97,1.5,3.17,5.31,1.14,,,,,,,,,,,,,,2.3,1.45,,,6.18,0.82,,,,,0.0,0.84,,,4.0,2.79,,6.91,,,,,1.7,7.45
11/26/1991,,,,,5.99,1.06,1.51,3.14,5.05,1.24,,,,,,,,,,,,,,2.23,1.5,,,6.27,0.81,,,,,0.0,0.87,,,4.47,2.5,,7.39,,,,,1.62,7.82
12/26/1991,,,,,6.08,1.05,1.6,2.97,5.04,1.24,,,,,,,,,,,,,,2.28,1.46,,,6.49,0.78,,,,,0.0,0.77,,,4.53,2.47,,7.48,,,,,1.68,7.57
1/26/1992,,,,,5.71,0.99,1.49,2.76,4.73,1.24,,,,,,,,,,,,,,2.06,1.49,,,6.02,0.77,,,,,0.0,1.08,,,4.28,3.24,,7.09,,,,,1.54,5.84
2/26/1992,,,,,5.63,1.0,1.44,2.87,4.32,1.36,,,,,,,,,,,,,,2.04,1.51,,,5.76,0.81,,,,,0.0,1.09,,,3.81,3.64,,7.57,,,,,1.41,6.41
3/26/1992,,,,,5.5,1.02,1.42,2.9,4.34,1.36,,,,,,,,,,,,,,1.86,1.65,,,5.6,0.83,,,,,0.0,1.23,,,3.71,3.74,,7.68,,,,,1.43,6.31
4/26/1992,,,,,5.56,1.01,1.44,2.88,4.2,1.4,,,,,,,,,,,,,,1.73,1.78,,,5.79,0.8,,,,,0.0,1.27,,,3.74,3.71,,7.32,,,,,1.32,6.84
5/26/1992,,,,,5.98,0.96,1.49,2.93,4.06,1.45,,,,,,,,,,,,,,1.68,1.84,,,5.93,0.78,,,,,0.0,1.3,,,3.95,3.76,,7.1,,,,,1.55,6.81
6/26/1992,,,,,6.09,0.95,1.56,2.8,4.39,1.34,,,,,,,,,,,,,,1.67,1.85,,,6.09,0.76,,,,,0.0,1.06,,,4.04,3.67,,7.43,,,,,1.6,6.58
7/26/1992,,,,,6.16,0.94,1.62,2.7,4.78,1.23,,,,,,,,,,,,,,1.69,1.82,,,6.26,0.74,,,,,0.0,0.88,,,4.04,3.68,,7.81,,,,,1.57,6.72
8/26/1992,,,,,6.12,0.94,1.7,2.62,4.57,1.29,,,,,,,,,,,,,,1.66,1.85,,,6.64,0.7,,,,,0.0,0.81,,,4.58,3.24,,7.95,,,,,1.51,7.14
9/26/1992,,,,,5.51,1.05,1.65,2.7,4.51,1.3,,,,,,,,,,,,,,2.05,1.88,,,6.72,0.76,,,,,0.0,0.82,,,4.11,3.62,,7.59,,,,,1.37,7.87
10/26/1992,,,,,5.05,1.19,1.74,2.57,5.0,1.18,,,,,,,,,,,,,,2.04,1.88,,,6.29,0.81,,,,,0.0,0.7,,,4.22,3.52,,7.73,,,,,1.39,7.74
11/26/1992,,,,,5.05,1.19,1.6,2.79,5.0,1.18,,,,,,,,,,,,,,2.02,1.9,,,6.34,0.83,,,,,0.0,0.68,,,4.43,3.35,,7.54,,,,,1.41,7.68
12/26/1992,,,,,4.9,1.23,1.45,3.09,4.65,1.27,,,,,,,,,,,,,,2.0,1.92,,,5.78,0.91,,,,,0.0,0.68,,,4.04,3.67,,7.56,,,,,1.4,7.71
1/26/1993,,,,,4.63,1.15,1.47,2.12,4.77,1.02,,,,,,,,,,,,,,2.13,1.66,,,5.45,0.71,,,,,0.0,0.63,,,4.04,3.65,,7.69,1.46,,,,1.34,9.35
2/26/1993,,,,,4.29,1.24,1.38,2.27,4.43,1.1,,,,,,,,,,,,,,1.88,1.88,,,4.87,0.79,,,,,0.0,0.59,,,4.09,3.61,,7.22,1.56,,,,1.29,9.67
3/26/1993,,,,,4.18,1.27,1.34,2.32,4.29,1.13,,,,,,,,,,,,,,1.83,1.93,,,4.98,0.77,,,,,0.0,0.65,,,3.9,3.79,,6.9,1.63,,,,1.31,9.59
4/26/1993,,,,,4.47,1.19,1.4,2.46,4.25,1.14,,,,,,,,,,,,,,1.83,1.93,,,4.69,0.82,,,,,0.0,0.67,,,3.69,4.01,,6.65,1.61,,,,1.25,10.04
5/26/1993,,,,,4.52,1.2,1.43,2.4,4.53,1.07,,,,,,,,,,,,,,1.92,1.84,,,4.83,0.81,,,,,0.0,0.76,,,3.84,3.85,,6.34,1.68,,,,1.48,9.63
6/26/1993,,,,,4.49,1.21,1.32,2.61,4.3,1.13,,,,,,,,,,,,,,1.93,1.83,,,5.02,0.78,,,,,0.0,0.8,,,3.68,4.02,,6.03,1.77,,,,1.42,10.66
7/26/1993,,,,,4.38,1.24,1.4,2.45,3.9,1.25,,,,,,,,,,,,,,2.07,1.71,,,4.85,0.81,,,,,0.0,0.87,,,3.52,4.19,,5.86,1.82,,,,1.4,10.79
8/26/1993,,,,,4.14,1.31,1.37,2.52,3.73,1.3,,,,,,,,,,,,,,1.89,1.87,,,4.52,0.86,,,,,0.0,0.99,,,3.46,4.27,,5.61,1.9,,,,1.31,11.51
9/26/1993,,,,,4.42,1.24,1.37,2.33,3.85,1.26,,,,,,,,,,,,,,1.96,1.81,,,4.37,0.91,,,,,0.0,1.0,,,3.63,4.07,,5.89,1.84,,,,1.32,11.44
10/26/1993,,,,,4.03,1.38,1.24,2.58,3.65,1.33,,,,,,,,,,,,,,1.76,2.0,,,3.93,1.01,,,,,0.0,1.09,,,3.43,4.31,,5.38,2.01,,,,1.19,12.97
11/26/1993,,,,,3.82,1.46,1.33,2.42,3.64,1.34,,,,,,,,,,,,,,1.74,2.03,,,3.94,1.03,,,,,0.0,1.06,,,3.36,4.4,,5.52,1.96,,,,1.25,12.35
12/26/1993,,,,,3.64,1.53,1.27,2.52,3.5,1.39,,,,,,,,,,,,,,1.64,2.16,,,3.53,1.15,,,,,0.0,1.1,,,3.05,4.85,,5.31,2.03,,,,1.05,14.68
1/26/1994,,,,,3.63,1.21,1.19,2.62,3.12,1.54,,,,,,,,,,,,,,1.53,2.1,,,3.72,1.08,,,,,0.0,1.21,,,2.88,4.4,,5.07,2.18,,,,1.07,13.2
2/26/1994,,,,,3.89,1.13,1.18,2.65,3.08,1.69,,,,,,,,,,,,,,1.53,2.11,,,3.77,1.07,,,,,0.0,1.18,,,2.75,4.62,,5.3,2.09,,,,1.12,12.6
3/26/1994,,,,,4.08,1.08,2.15,2.58,3.03,2.17,,,,,,,,,,,,,,1.54,2.1,,,4.02,1.0,,,,,0.0,1.37,,,2.48,5.1,,5.61,1.97,,,,1.34,12.17
4/26/1994,,,,,3.9,1.13,2.22,2.51,2.86,2.29,,,,,,,,,,,,,,1.45,2.22,,,4.42,0.98,,,,,0.0,1.41,,,2.38,5.33,,5.15,2.15,,,,1.38,11.82
5/26/1994,,,,,4.9,1.17,2.3,2.47,3.1,2.12,,,,,,,,,,,,,,1.54,2.1,,,4.62,0.93,,,,,0.96,1.36,,,2.2,5.75,,5.44,2.03,,,,1.31,12.44
6/26/1994,,,,,5.26,1.09,2.41,2.36,3.35,2.2,,,,,,,,,,,,,,1.65,1.95,,,4.64,0.93,3.93,1.71,,,1.0,1.3,,,2.31,5.48,,5.58,1.99,,,,1.45,11.23
7/26/1994,,,,,4.93,1.16,2.33,2.44,3.04,2.42,,,,,,,,,,,,,,1.52,2.12,,,4.49,0.96,3.92,1.71,,,0.94,1.39,,,2.33,5.44,,5.44,2.03,,,,1.32,12.35
8/26/1994,,,,,4.64,1.24,2.32,2.45,2.95,2.5,,,,,,,,,,,,,,1.45,2.23,,,4.38,1.04,3.59,1.87,,,0.85,1.53,,,2.12,5.98,,5.5,2.03,,,,1.29,12.6
9/26/1994,,,,,4.08,1.21,2.2,2.62,3.18,2.32,,,,,,,,,,,,,,1.48,2.18,,,4.88,0.97,3.71,1.81,,,0.93,1.41,,,2.14,5.91,,5.83,1.93,,,,1.3,12.56
10/26/1994,,,,,3.96,1.24,2.25,2.57,3.23,2.28,,,,,,,,,,,,,,1.45,2.23,,,4.8,0.99,3.74,1.79,,,0.97,1.35,,,2.13,5.96,,5.78,1.95,,,,1.28,12.77
11/26/1994,,,,,3.78,1.28,2.08,2.78,3.32,2.22,,,,,,,,,,,,,,1.39,2.32,,,4.52,1.05,3.6,1.86,,,0.95,1.39,,,2.1,6.03,,5.85,1.92,,,,1.24,13.14
12/26/1994,,,,,3.72,1.3,2.08,2.83,3.28,2.25,,,,,,,,,,,,,,1.34,2.41,,,4.45,1.07,3.38,1.98,,,0.96,1.38,,,2.03,6.23,,5.78,1.95,,,,1.22,13.38
1/26/1995,,,,,3.79,1.54,2.11,2.76,3.31,2.11,,,,,,,,,,,,,,1.38,2.15,,,4.59,0.94,3.51,1.75,,,0.92,1.3,,,2.04,4.8,,5.68,2.04,,,,1.22,11.24
2/26/1995,,,,,3.65,1.6,2.08,2.83,3.39,2.06,,,,,,,,,,,,,,1.37,2.17,,,4.49,0.96,3.36,1.83,,,2.33,1.29,,,1.96,5.01,,5.8,2.0,,,,1.22,11.15
3/26/1995,,,,,3.81,1.53,2.44,2.83,4.16,1.81,,,,,,4.62,,,,,,,,1.36,2.19,,,4.74,0.91,3.54,1.74,,,2.43,1.24,,,2.08,4.71,,5.88,1.97,,,,1.49,10.83
4/26/1995,,,,,4.02,1.72,2.35,2.94,3.83,1.97,,,,,,4.62,,,,,,,,1.31,2.26,,,4.52,0.96,4.28,1.7,,,2.2,1.37,,,1.96,5.0,,5.68,2.04,,,,1.42,11.44
5/26/1995,,,,,3.89,1.79,2.41,2.87,3.73,2.02,,,,,,5.92,,,,,,,,1.26,2.36,,,4.36,1.02,4.09,1.77,,,1.98,1.52,,,2.13,5.19,,5.56,2.09,,,,1.38,11.73
6/26/1995,,,,,3.59,1.94,2.33,2.96,3.73,2.02,,,,,,5.76,,,,,,,,1.2,2.47,,,4.28,1.04,4.11,1.77,,,1.89,1.6,,,1.88,5.88,,5.65,2.06,,,,1.28,12.67
7/26/1995,,,,,3.43,2.03,2.32,2.98,3.35,2.25,,,,,,9.06,,,,,,,,1.17,2.53,,,4.19,1.09,3.98,1.83,,,1.56,1.94,,,1.89,5.87,,5.54,2.1,,,,1.28,12.67
8/26/1995,,,,,3.41,2.04,2.19,3.22,3.51,2.14,,,,,,8.79,,,,,,,,1.11,2.67,,,4.15,1.14,4.14,1.76,,,1.67,1.81,,,1.77,6.24,,5.62,2.1,,,,1.25,13.13
9/26/1995,,,,,3.33,2.09,2.14,3.3,3.64,2.07,,,,,,8.31,,,,,,,,1.06,2.79,,,4.13,1.14,4.25,1.79,,,1.6,1.89,,,1.55,7.14,,5.59,2.11,,,,1.23,13.41
10/26/1995,,,,,3.27,2.13,2.15,3.28,3.84,1.96,,,,,,8.21,,,,,,,,1.03,2.88,,,4.22,1.14,4.38,1.73,,,2.08,1.45,,,1.43,7.73,,5.74,2.06,,,,1.26,13.07
11/26/1995,,,,,2.98,2.34,2.03,3.49,3.95,1.9,,,,,5.94,7.5,,,,,,,,0.97,3.05,,,3.77,1.28,4.26,1.78,,,2.13,1.42,,,1.53,7.24,,5.42,2.21,,,,1.25,13.16
12/26/1995,,,,,2.81,2.48,1.98,3.57,3.77,2.0,,,,,7.19,6.2,,,0.0,2.54,,,,0.98,3.03,,,3.65,1.32,4.12,1.84,,,2.12,1.42,,,1.53,7.24,,5.04,2.37,,,,1.2,13.74
1/26/1996,,,,,2.67,2.26,1.93,3.78,3.9,1.66,,,,,5.57,3.77,,,0.0,2.01,,,,0.92,3.37,,,3.5,0.96,3.75,1.83,,,1.89,1.61,,,1.42,5.92,,4.91,2.08,,,,1.14,8.89
2/26/1996,,,,,2.76,2.19,1.87,3.95,3.83,1.69,,,,,4.89,4.22,,,0.0,2.61,,,,0.9,3.45,,,3.63,0.92,3.61,1.91,,,2.33,1.67,,,1.32,6.34,,5.24,2.07,,,,1.05,9.61
3/26/1996,,,,,2.63,2.3,1.94,4.36,3.73,1.73,,,,,5.99,3.67,,,0.0,2.12,,,,1.0,3.88,,,3.33,1.0,3.94,1.89,,,2.73,1.43,,,1.21,6.95,,5.08,2.14,,,,1.19,10.19
4/26/1996,,,,,2.9,2.55,1.75,4.86,3.54,1.83,,,,,0.0,4.12,,,0.0,2.47,,,,0.98,3.99,,,3.19,1.12,4.06,1.84,,,2.64,1.51,,,0.95,8.8,,4.89,2.22,,,,1.15,10.52
5/26/1996,,,,,2.8,2.64,1.63,5.21,3.51,1.84,,,,,0.0,4.21,,,0.0,2.83,,,,0.91,4.28,,,3.13,1.14,4.19,1.78,,,2.62,1.51,,,1.35,9.06,,4.54,2.39,,,,1.14,10.69
6/26/1996,,,,,3.0,2.47,1.61,5.26,3.43,1.88,,,,,0.0,3.72,,,0.0,2.46,,,,0.91,4.28,,,3.24,1.11,4.06,1.84,,,2.89,1.37,,,1.2,10.22,,4.53,2.4,,,,1.12,10.9
7/26/1996,,,,,3.21,2.31,1.76,6.45,3.82,1.69,,,,,0.0,3.1,,,0.0,2.15,,,,0.98,3.95,,,3.43,1.04,4.42,1.69,,,3.17,1.25,,,1.27,9.69,,4.86,2.23,,,,1.17,10.41
8/26/1996,,,,,3.57,2.58,1.62,7.02,3.57,1.81,,,,,0.0,3.4,,,0.0,2.01,,,,0.93,4.19,,,3.29,1.19,4.6,1.7,,,2.85,1.39,,,1.19,10.3,,4.71,2.31,,,,1.04,11.76
9/26/1996,,,,,3.48,2.65,1.54,7.4,3.44,1.88,,,,,0.0,3.53,,,0.0,1.99,,,,1.1,3.53,,,3.29,1.19,4.58,1.7,,,2.58,1.54,,,1.14,10.77,,4.68,2.42,,,,1.05,11.7
10/26/1996,,,,,3.26,2.83,1.45,7.86,3.22,2.01,,,,,0.0,3.28,,,0.0,1.98,,,,1.07,3.63,,,3.17,1.24,4.42,1.77,,,2.57,1.55,,,1.09,11.27,,4.3,2.63,,,,0.99,12.4
11/26/1996,,,,,3.07,3.0,1.39,8.17,3.1,2.08,,,,,0.0,3.94,,,0.0,2.04,,,,1.12,3.48,,,2.92,1.38,4.17,1.88,,,2.31,1.72,,,1.24,9.89,,4.23,2.68,,,,0.97,12.65
12/26/1996,,,,,2.96,3.13,1.38,8.26,3.0,2.16,,,0.0,3.12,0.0,4.61,,,0.0,2.1,,,,1.16,3.34,,,2.88,1.4,4.13,1.89,,,2.3,1.73,,,1.19,10.3,,4.17,2.71,,,,0.96,12.8
1/26/1997,,,,,2.48,2.12,1.31,6.64,2.67,2.07,,,0.0,23.56,0.0,4.36,,,0.0,2.41,,,,1.19,2.89,,,2.49,1.2,4.05,1.78,,,2.17,1.31,,,1.16,8.38,,3.88,2.34,,,,0.96,8.36
2/26/1997,,,,,2.29,2.29,1.2,7.24,2.47,2.23,,,0.0,23.82,0.0,4.66,,,0.0,2.34,,,,1.06,3.25,,,2.29,1.3,3.88,1.85,,,1.88,1.52,,,1.03,9.44,,3.92,2.47,,,,0.89,9.05
3/26/1997,,,,,2.12,2.37,1.3,7.76,2.79,2.12,,,0.0,20.18,0.0,4.87,,,0.0,2.21,,,,1.07,3.22,,,2.41,1.24,4.14,1.83,,,1.84,1.55,,,0.93,10.41,,3.92,2.47,,,,0.97,8.32
4/26/1997,,,,,2.04,2.45,1.29,7.8,2.86,2.07,,,0.0,22.58,0.0,5.17,,,0.0,2.17,,,,1.08,3.18,,,2.67,1.28,4.15,1.83,,,1.62,1.76,,,0.88,11.1,,3.85,2.51,,,,1.1,8.41
5/26/1997,,,,,1.92,2.61,1.14,8.85,2.82,2.1,,,0.0,21.25,0.0,7.41,,,0.0,2.55,,,,1.06,3.23,,,2.25,1.52,4.18,1.82,,,1.47,1.94,,,0.99,12.42,,3.53,2.74,,,,1.05,8.8
6/26/1997,,,,,2.05,2.65,1.02,10.12,2.83,2.09,,,0.0,19.47,0.0,8.08,,,0.0,2.68,,,,0.99,3.49,,,2.19,1.57,3.54,2.15,,,1.15,2.49,,,0.93,13.18,,3.17,3.05,,,,1.02,9.1
7/26/1997,,,,,1.75,3.11,0.88,11.56,2.51,2.34,,,0.0,24.89,0.0,12.72,,,0.0,2.96,,,,1.06,3.25,,,1.97,1.77,3.36,2.27,,,0.93,3.07,,,0.88,14.0,,2.9,3.34,,,,0.91,10.18
8/26/1997,,,,,1.96,3.0,1.04,9.85,2.22,2.67,0.0,,0.0,24.71,0.0,13.38,,,0.0,3.35,,,,1.09,3.16,,,2.15,1.66,3.8,2.01,,,1.08,2.64,,,0.96,12.79,,3.13,3.09,,,,0.98,9.49
9/26/1997,,,,,1.91,3.08,1.14,9.57,2.26,2.62,0.0,,0.0,34.23,0.0,14.53,,,0.0,3.38,,,,1.0,3.43,,,2.38,1.63,3.88,2.04,,,1.01,2.83,,,0.93,13.16,,3.28,3.2,,,,0.98,9.49
10/26/1997,,,,,1.9,3.09,1.13,9.68,2.16,2.73,0.0,,0.0,24.18,0.0,12.31,,,0.0,3.53,,,,1.07,3.22,,,2.52,1.54,4.01,1.97,,,0.97,2.93,,,0.96,12.78,,3.36,3.12,,,,1.03,9.04
11/26/1997,,,,,1.8,3.27,1.13,9.72,2.49,2.7,0.0,,0.0,18.94,0.0,9.16,,,0.0,2.31,,,,1.04,3.32,,,2.71,1.46,3.66,2.17,,,1.2,2.42,,,1.02,11.99,,3.38,3.1,,,,0.97,9.65
12/26/1997,,,,,1.71,3.45,1.16,9.5,2.58,2.6,0.0,,0.0,16.0,0.0,9.12,,,0.0,1.86,,,,1.02,3.36,,,2.64,1.65,3.75,2.12,,,1.35,2.15,,,1.02,11.99,,3.36,3.12,,,,0.97,9.59
1/26/1998,,,,,1.56,3.58,1.07,8.74,2.3,6.56,0.0,,0.0,16.74,0.0,8.44,,,0.0,2.15,,,,0.97,3.59,,,2.35,1.33,3.29,3.25,,,1.25,1.45,,,0.94,10.93,,3.49,3.55,,,,0.89,8.57
2/26/1998,,,,,1.27,4.4,0.97,9.63,2.07,7.32,0.0,,0.0,22.04,0.0,12.09,,,0.0,2.1,,,,0.93,3.72,,,2.01,1.55,2.88,3.71,,,1.01,1.81,,,0.88,11.64,,3.25,3.81,,,,0.78,9.72
3/26/1998,,,,,1.2,4.65,1.05,10.8,1.99,7.6,0.0,,0.0,19.16,0.0,12.08,,,0.0,2.33,,,,0.74,4.67,,,1.79,1.74,2.74,3.9,,,1.28,1.78,,,0.74,13.88,,3.05,4.06,,,,1.03,8.93
4/26/1998,,,,,1.34,5.14,1.14,10.56,1.95,7.73,0.0,,0.0,18.4,0.0,12.01,,,0.0,2.29,,,,0.7,4.96,,,1.74,1.9,2.92,3.66,,,1.07,2.12,,,0.79,13.07,,3.14,3.93,,,,1.08,8.49
5/26/1998,,,,,1.18,5.82,1.09,11.16,1.99,7.61,0.0,,0.0,17.47,0.0,10.64,,,0.0,1.96,,,,0.69,5.06,,,1.63,2.03,2.73,4.12,,,1.02,2.24,,,0.68,15.08,,3.4,3.94,,,,1.07,8.65
6/26/1998,,,,,1.13,6.07,1.14,10.66,1.93,7.84,0.0,,0.0,15.18,0.0,7.6,,,0.0,1.79,,,,0.74,4.65,,,1.74,1.9,2.55,4.41,,,1.16,1.97,,,0.64,16.11,,3.4,3.94,,,,1.08,8.52
7/26/1998,,,,,0.89,7.76,1.16,10.45,1.91,7.9,0.0,,0.0,14.22,0.0,6.82,,,0.0,1.6,,,,0.63,5.51,,,1.53,2.17,1.89,3.5,,,1.2,1.94,,,0.52,19.63,,3.68,3.64,,,,0.97,9.47
8/26/1998,,,,,1.1,7.05,1.31,9.42,2.37,6.4,1.19,,0.0,11.73,0.0,5.89,,,0.0,1.43,,,,0.63,5.46,,,1.77,1.91,2.15,3.1,,,1.39,1.68,,,0.51,20.23,,4.26,3.15,,,,0.91,10.15
9/26/1998,,,,,1.39,5.61,1.46,9.05,3.1,4.9,1.72,,0.0,8.14,0.0,3.86,,,0.0,0.9,,,,0.69,5.57,,,2.87,1.33,3.84,2.13,,,2.06,1.13,,,0.9,14.37,,4.22,3.24,,,,0.83,11.14
10/26/1998,,,,,1.3,5.98,1.29,11.24,2.96,5.12,2.37,,0.0,5.82,0.0,5.05,,,0.0,1.07,,,,0.67,5.74,,,2.93,1.31,3.09,2.65,,,2.0,1.18,,,1.02,12.66,,4.56,3.0,,,,0.83,11.17
11/26/1998,,,,,1.02,7.62,1.16,12.54,2.59,5.91,2.03,,0.0,8.99,0.0,7.23,,,0.0,1.2,,,,0.6,6.42,,,2.24,1.71,2.68,3.05,,,1.6,1.47,,,0.93,14.84,,4.21,3.25,,,,0.78,11.91
12/26/1998,,,,,0.92,8.49,1.12,12.97,2.6,5.88,2.16,,0.0,8.48,0.0,7.05,,,0.0,1.07,,,,0.55,6.93,,,2.26,1.7,2.41,3.39,,,1.59,1.48,,,1.0,13.78,,4.25,3.22,,,,0.76,12.26
1/26/1999,,,,,0.99,4.6,1.03,10.31,3.03,4.94,1.83,,0.0,2.39,0.0,8.38,,,0.0,1.25,,,,0.57,5.88,,,2.35,1.38,2.19,3.46,,,1.37,1.66,,,0.87,17.69,,4.91,2.34,,,,0.79,7.94
2/26/1999,,,,,1.0,4.58,1.01,10.5,2.82,5.3,2.08,,0.0,2.39,0.0,8.46,,,0.0,1.46,,,,0.59,5.7,,,2.31,1.41,2.14,3.55,,,1.43,1.59,,,0.93,16.39,,4.48,2.57,,,,0.78,8.14
3/26/1999,,,,,1.23,3.96,1.12,10.44,2.78,5.4,1.98,,0.0,1.95,0.0,9.11,,,0.0,1.19,,,,0.68,5.63,,,2.38,1.36,2.92,2.72,,,1.38,1.81,,,1.26,15.04,,3.75,3.1,,,,0.96,7.75
4/26/1999,,,,,1.23,3.95,1.12,10.43,2.31,6.52,1.19,,0.0,2.08,0.0,9.99,,,0.0,1.27,,,,0.68,5.65,,,2.21,1.55,2.53,3.14,,,1.18,2.12,,,1.22,15.6,,3.11,3.32,,,,0.94,7.89
5/26/1999,,,,,1.25,3.9,1.16,10.14,2.39,6.29,1.12,,0.0,2.39,0.0,9.4,,,0.0,1.43,,,,0.6,6.37,,,2.36,1.46,2.38,3.33,,,1.22,2.04,,,1.35,14.07,,2.98,3.47,,,,1.03,7.24
6/26/1999,,,,,1.35,3.61,1.19,9.89,2.44,6.15,1.19,,0.0,3.55,0.0,12.14,,,0.0,1.93,,,,0.62,6.14,,,2.44,1.41,2.35,3.38,,,1.08,2.14,,,1.29,14.77,,2.85,3.63,,,,1.03,7.21
7/26/1999,,,,,1.43,3.85,1.21,9.71,2.33,6.46,1.18,,0.0,3.6,0.0,12.05,,,0.0,1.94,,,,0.62,6.14,,,2.51,1.37,2.41,3.29,,,1.1,2.08,,,1.38,13.77,,2.87,3.61,,,,1.15,6.45
8/26/1999,,,,,1.3,4.66,1.16,10.13,2.13,7.05,1.17,,0.0,3.68,0.0,13.82,,,0.0,2.13,,,,0.66,5.8,,,2.3,1.49,2.44,3.26,,,0.99,2.31,,,1.09,17.45,,2.77,3.81,,,,1.09,6.82
9/26/1999,,,,,1.37,4.42,1.29,9.53,2.51,5.98,1.28,,0.0,3.96,0.0,14.0,,,0.0,1.96,,,,0.67,5.68,,,2.56,1.38,2.5,3.19,,,1.06,2.16,,,1.14,16.73,,2.96,3.57,,,,1.18,6.33
10/26/1999,,,,,1.35,4.48,1.39,8.99,2.5,6.01,1.34,,0.0,4.27,0.0,14.77,,,0.0,1.78,,,,0.68,5.63,,,2.43,1.46,2.23,3.57,,,1.08,2.14,,,1.14,16.62,,2.92,3.62,,,,1.33,5.62
11/26/1999,,,,,1.2,5.05,1.34,9.34,2.36,6.44,0.93,,0.0,9.39,0.0,20.09,,,0.0,2.27,,,,0.67,5.69,,,2.2,1.61,1.83,4.36,,,0.82,2.79,,,1.11,17.08,,2.7,3.91,,,,1.33,5.6
12/26/1999,,,,,1.16,5.22,1.48,8.46,2.0,7.6,0.87,,0.0,13.29,0.0,25.16,,,0.0,2.81,,,,0.67,5.71,,,2.15,1.68,1.1,7.25,,,0.76,3.02,,,1.12,16.94,,2.78,3.8,,,,1.15,6.47
1/26/2000,,,,,1.41,4.09,1.57,6.86,2.21,5.23,0.82,,0.0,3.51,0.0,17.81,,,0.0,1.79,,,,0.6,7.02,,,2.44,2.03,1.13,3.06,,,0.65,2.4,,,1.41,32.61,,2.88,3.44,,,,1.07,5.65
2/26/2000,,,,,1.51,3.81,1.92,5.65,2.5,4.63,0.93,,0.0,4.24,0.0,18.75,,,0.0,2.37,,,,0.63,6.64,,,2.43,2.04,0.79,4.36,,,0.6,3.1,,,1.56,37.77,,3.17,3.12,,,,0.95,6.37
3/26/2000,,,,,1.47,4.27,1.85,7.03,2.33,5.03,0.82,,0.0,4.84,0.0,19.97,,,0.0,2.17,,,,0.74,7.47,,,2.87,2.18,0.8,4.33,,,0.66,2.85,,,1.87,31.51,,2.84,3.49,,,,1.88,3.71
4/26/2000,,,,,1.46,4.3,1.9,6.83,2.21,5.28,1.02,,0.0,5.52,0.0,17.23,,,0.0,2.43,,,,0.69,7.98,,,2.65,2.36,0.89,3.87,,,0.63,2.98,,,1.46,40.33,,2.72,3.65,,,,1.76,3.96
5/26/2000,,,,,1.51,4.14,1.7,8.74,2.37,4.93,1.27,,0.0,4.08,0.0,16.2,,,0.0,1.87,,,,0.7,7.87,,,2.58,2.43,1.17,2.96,,,0.67,2.81,,,1.57,37.52,,2.54,3.9,,,,1.7,4.1
6/26/2000,,,,,1.56,4.01,1.6,9.31,2.39,4.9,1.76,,0.0,4.78,0.0,19.78,,,0.0,2.1,,,,0.68,8.04,,,2.4,2.61,1.08,3.19,,,0.55,3.39,,,1.9,30.95,,2.51,3.96,,,,1.59,4.4
7/26/2000,,,,,1.42,4.44,1.65,9.03,2.16,5.42,2.13,,0.0,4.79,0.0,19.18,,,0.0,2.1,,,,0.68,8.09,,,2.26,2.77,1.28,2.71,,,0.58,3.2,,,1.72,34.23,,2.71,3.66,,,,1.68,4.17
8/26/2000,,,,,2.24,4.65,1.52,9.8,2.06,5.68,2.22,,0.0,4.7,0.0,18.62,,,0.0,1.8,,,,0.73,7.55,,,2.17,2.89,1.67,2.07,,,0.57,3.26,,,2.23,26.39,,2.48,4.04,,,,1.96,3.6
9/26/2000,,,,,2.41,4.32,1.66,9.71,2.07,5.65,3.02,,0.0,3.42,0.0,15.37,,,0.0,1.45,,,,0.67,8.25,,,2.51,2.82,2.12,1.63,,,0.64,2.94,,,2.6,22.6,,2.5,4.02,,,,1.96,3.59
10/26/2000,,,,,2.11,4.95,1.54,10.86,1.88,6.21,3.72,,0.0,2.92,0.0,13.53,,,0.0,1.27,,,,0.68,8.14,,,2.36,3.0,2.06,1.68,,,0.68,2.76,,,2.85,20.63,,2.4,4.19,,,,1.85,3.81
11/26/2000,,,,,2.08,5.03,1.49,11.34,1.82,6.43,3.72,,0.0,2.47,0.0,10.72,,,0.0,1.32,,,,0.64,8.57,,,2.25,3.13,3.08,1.4,,,0.74,2.52,,,3.73,15.77,,2.37,4.25,,,,1.67,4.23
12/26/2000,,,,,2.26,4.63,1.56,10.81,1.79,6.55,5.97,,0.0,1.88,0.0,10.6,,,0.0,1.24,,,,0.64,8.57,,,2.2,3.21,4.22,1.03,,,0.84,2.23,,,4.55,12.92,,2.67,3.77,,,,1.62,4.34
1/26/2001,,,,,2.39,3.68,1.63,4.89,1.97,5.55,4.43,,0.0,2.59,0.0,10.09,,,0.0,1.65,,,,0.7,6.79,,,2.2,3.78,3.13,1.69,,,0.77,2.86,,,3.77,12.59,,2.65,3.64,,,,1.81,5.16
2/26/2001,,,,,2.75,3.19,1.51,5.26,1.88,5.8,4.49,,0.0,2.42,0.0,8.6,,,0.0,1.38,,,,0.72,6.67,,,2.44,3.41,4.01,1.32,,,0.87,2.54,,,3.94,12.04,,2.73,3.66,,,,1.78,5.24
3/26/2001,,,,,3.02,2.9,1.56,5.1,2.23,4.9,5.22,,0.0,2.45,0.0,9.09,,,0.0,1.18,,,,0.73,6.53,,,2.03,3.22,4.54,1.16,,,0.95,2.33,,,4.96,9.57,,2.83,3.54,,,,1.96,4.76
4/26/2001,,,,,2.66,3.3,1.52,5.23,2.14,5.09,4.99,,0.0,3.86,0.0,10.08,,,0.0,1.22,,,,0.73,6.54,,,1.88,3.5,3.84,1.38,,,1.12,2.3,,,5.43,8.74,,2.65,3.78,,,,1.5,6.24
5/26/2001,,,,,2.25,2.91,1.78,5.34,2.47,5.31,3.81,,0.0,4.35,0.0,11.16,,,0.0,1.32,,,,0.88,6.47,,,2.96,3.5,5.32,1.3,,,1.04,2.47,,,3.39,10.15,,2.5,4.0,,,,1.6,6.37
6/26/2001,,,,,2.29,2.98,1.73,5.49,2.5,5.23,4.17,,0.0,3.31,0.0,9.49,,,0.0,1.1,,,,0.86,6.62,,,2.97,3.48,11.04,0.63,,,1.25,2.05,,,3.82,9.02,,2.53,3.95,,,,1.6,6.36
7/26/2001,,,,,2.45,2.8,1.84,5.16,2.57,5.1,4.46,,0.0,3.4,0.0,8.1,,,0.0,0.91,,,,0.89,6.37,,,3.19,3.25,0.0,0.54,,,1.21,2.12,,,4.63,7.43,,2.72,3.68,,,,1.73,5.91
8/26/2001,,,,,2.39,3.15,1.85,5.12,2.48,5.28,6.63,,0.0,3.7,0.0,8.82,,,0.0,1.11,,,,0.85,6.69,,,3.08,3.36,0.0,0.38,,,1.2,2.14,,,3.85,8.95,,2.81,3.63,,,,2.02,5.09
9/26/2001,,,,,2.97,2.54,2.19,5.05,2.88,4.54,0.0,,0.0,1.91,0.0,4.81,,,0.0,0.82,,,,0.99,5.76,,,6.77,2.58,0.0,0.31,,,1.75,1.46,,,4.59,7.5,,3.55,2.87,,,,2.13,4.8
10/26/2001,,,,,2.77,2.71,2.14,5.3,2.6,5.03,0.0,,0.0,2.74,0.0,6.55,,,0.0,1.01,,,,1.0,5.71,,,6.46,2.7,0.0,0.47,,,1.35,1.9,,,3.91,8.81,,3.08,3.28,,,,2.07,4.96
11/26/2001,,,,,2.71,2.79,2.01,5.64,2.38,5.51,0.0,,0.0,2.64,0.0,7.79,,,0.0,1.3,,,,0.96,5.93,,,6.16,2.84,0.0,0.62,,,1.1,2.33,,,3.81,9.04,,3.27,3.09,,,,2.04,5.02
12/26/2001,,,,,2.77,2.73,2.1,5.41,2.42,5.42,0.0,,0.0,3.26,0.0,7.27,,,0.0,1.29,,,,0.96,5.94,,,7.04,2.48,0.0,1.09,,,1.11,2.31,,,3.37,10.21,,3.26,3.1,,,,2.01,5.11
1/26/2002,,,,,2.87,2.83,2.26,10.73,2.43,6.74,0.0,,0.0,4.02,0.0,7.72,,,0.0,1.34,,,,0.92,6.72,,,6.39,3.23,0.0,2.92,,,1.13,3.01,,,3.46,9.9,,3.16,3.54,,,,2.01,5.63
2/26/2002,,,,,3.28,2.48,2.45,9.87,2.36,6.92,0.0,,0.0,4.59,0.0,8.2,,,0.0,1.34,,,,0.85,7.24,,,7.28,2.87,0.0,2.75,,,1.23,2.76,,,3.71,9.25,,3.07,3.64,,,,2.04,5.55
3/26/2002,,,,,2.93,2.77,2.23,10.85,2.25,7.27,0.0,,0.0,5.01,0.0,9.69,,,0.0,1.36,,,,0.86,7.13,,,3.16,3.37,0.0,3.29,,,1.08,3.14,,,2.91,11.79,,2.96,3.78,,,,2.09,5.41
4/26/2002,,,,,3.18,2.62,2.65,9.94,2.58,6.35,0.0,,0.0,4.68,0.0,8.88,,,0.0,1.39,,,,0.8,7.71,,,3.31,3.22,0.0,2.9,,,1.07,3.18,,,3.09,11.1,,3.18,3.6,,,,2.29,5.26
5/26/2002,,,,,3.44,2.42,2.98,8.85,2.49,6.58,0.0,,0.0,4.14,0.0,7.55,,,0.0,1.3,,,,0.86,7.17,,,3.39,3.14,0.0,2.59,,,1.05,3.25,,,1.0,9.59,,3.04,3.77,,,,2.44,4.92
6/26/2002,,,,,4.32,1.93,3.72,7.08,2.88,5.68,0.0,,0.0,2.91,0.0,5.16,,,0.0,1.06,,,,0.92,6.68,,,4.12,2.58,0.0,2.51,,,1.39,2.45,,,1.28,7.49,,3.45,3.32,,,,2.71,4.43
7/26/2002,,,,,6.49,1.28,4.36,6.05,3.59,4.55,0.0,,0.0,2.14,0.0,4.25,,,0.0,0.83,,,,0.99,6.24,,,4.99,2.14,0.0,2.62,,,1.69,2.01,,,1.65,5.83,,4.27,2.68,,,,3.35,3.59
8/26/2002,,,,,5.48,1.52,4.03,6.54,3.23,5.07,0.0,,0.0,2.65,0.0,4.35,,,0.0,0.8,,,,0.95,6.51,,,4.33,2.49,0.0,3.07,,,1.62,2.1,,,1.32,7.26,,4.0,2.9,,,,2.9,4.14
9/26/2002,,,,,7.69,1.08,5.43,4.86,3.56,4.6,0.0,,0.0,1.81,0.0,2.47,,,0.0,0.71,,,,0.97,6.33,,,6.32,1.7,0.0,2.97,,,2.23,1.53,,,1.86,5.17,,4.36,2.62,,,,2.83,4.25
10/26/2002,,,,,6.58,1.27,5.96,4.43,4.13,3.96,0.0,,0.0,2.21,0.0,3.02,,,0.0,0.78,,,,0.97,6.37,,,5.87,1.83,0.0,3.3,,,2.11,1.62,,,1.44,6.68,,4.32,2.65,,,,3.08,3.9
11/26/2002,,,,,5.75,1.45,5.69,4.63,4.01,4.08,0.0,,0.0,2.53,0.0,4.02,,,0.0,0.72,,,,1.06,5.83,,,5.4,1.99,0.0,3.62,,,1.76,1.93,,,1.37,7.02,,4.34,2.63,,,,3.04,3.95
12/26/2002,,,,,6.54,1.27,6.1,4.32,3.95,4.14,0.0,,0.0,2.11,0.0,3.06,,,0.0,0.7,,,,1.07,5.77,,,5.98,1.8,0.0,3.53,,,2.08,1.64,,,1.59,6.02,,4.26,2.66,,,,3.23,3.72
1/26/2003,,,,,7.06,1.19,6.62,2.13,4.62,2.97,0.0,,0.0,2.75,0.0,3.04,,,0.0,0.62,,,,1.16,4.25,,,6.64,1.39,0.0,2.32,,,2.38,1.56,,,1.71,5.04,,4.96,2.27,,,,3.32,5.25
2/26/2003,,,,,9.32,0.9,26.07,0.54,6.26,2.19,0.0,,0.0,2.22,0.0,2.72,,,0.0,0.58,,,,1.26,3.92,,,8.38,1.09,0.0,2.04,,,2.4,1.55,,,2.18,4.8,,5.2,2.17,,,,4.21,4.14
3/26/2003,,,,,10.52,0.8,20.39,0.69,6.38,2.15,0.0,,0.0,2.28,0.0,2.84,,,0.0,0.56,,,,1.17,4.22,,,8.26,1.1,0.0,2.08,,,2.22,1.67,,,1.91,5.47,,4.76,2.37,,,,5.21,3.34
4/26/2003,,,,,9.4,0.93,20.56,0.69,6.45,2.13,0.0,,0.0,2.81,0.0,3.03,,,0.0,0.67,,,,1.17,4.22,,,6.94,1.31,0.0,2.07,,,2.26,1.64,,,1.62,6.47,,5.18,2.23,,,,4.61,3.92
5/26/2003,,,,,11.31,0.77,3.46,1.23,5.6,2.45,0.0,,0.0,2.58,0.0,2.94,,,0.0,0.71,,,,1.27,3.89,,,7.57,1.2,0.0,2.0,,,2.42,1.53,,,1.95,5.38,,5.0,2.31,,,,5.33,3.39
6/26/2003,,,,,9.71,0.88,3.02,1.43,5.26,2.61,0.0,,0.0,3.01,0.0,3.38,,,0.0,0.8,,,,1.27,3.89,,,6.33,1.49,0.0,2.18,,,2.2,1.69,,,1.71,6.14,,4.64,2.48,,,,5.26,3.43
7/26/2003,,,,,7.57,1.12,3.24,1.33,4.61,2.98,0.0,,0.0,3.45,0.0,4.69,,,0.0,0.94,,,,1.24,3.98,,,5.72,1.65,0.0,2.08,,,2.01,1.85,,,1.59,6.6,,5.0,2.33,,,,4.5,4.01
8/26/2003,,,,,1.82,1.17,2.63,1.63,4.2,3.27,0.0,,0.0,3.64,0.0,5.72,,,0.0,1.11,,,,1.19,4.17,,,5.47,1.72,0.0,2.26,,,1.74,2.13,,,1.36,7.68,,4.75,2.46,,,,4.31,4.19
9/26/2003,,,,,1.92,1.11,0.0,1.58,4.55,3.02,0.0,,0.0,2.89,0.0,4.91,,,0.0,0.93,,,,1.26,3.92,,,5.99,1.57,0.0,2.26,,,1.79,2.07,,,1.44,7.26,,5.0,2.33,,,,4.31,4.19
10/26/2003,,,,,1.89,1.13,0.0,1.48,4.6,2.98,0.0,,0.0,3.04,0.0,5.57,,,0.0,0.89,,,,1.31,3.78,,,5.77,1.63,0.0,2.21,,,1.68,2.21,,,1.33,7.89,,5.1,2.29,,,,4.43,4.08
11/26/2003,,,,,1.79,1.19,0.0,1.54,4.16,3.3,0.0,,0.0,3.54,0.0,6.64,,,0.0,1.06,,,,1.28,3.87,,,5.44,1.73,0.0,2.23,,,1.54,2.41,,,1.0,10.52,,5.12,2.28,,,,4.32,4.18
12/26/2003,,,,,1.75,1.22,0.0,1.9,4.08,3.37,0.0,,0.0,3.65,0.0,6.61,,,0.0,1.1,,,,1.32,3.74,,,5.42,1.74,0.0,2.16,,,1.57,2.37,,,0.89,11.77,,4.73,2.47,,,,4.43,4.08
1/26/2004,,,,,1.6,1.31,0.0,2.36,3.65,3.1,0.0,,0.0,3.81,0.0,5.58,,,0.0,1.26,,,,1.29,3.61,,,4.7,1.65,0.0,2.3,,,1.46,2.18,,,0.83,6.89,,5.1,2.13,,,,4.13,4.86
2/26/2004,,,,,1.69,1.24,0.0,2.29,3.8,2.98,0.0,,0.0,3.72,0.0,5.21,,,0.0,1.15,,,,1.2,3.88,,,4.93,1.57,1.89,2.32,,,1.47,2.17,,,1.1,7.72,,4.95,2.22,,,,3.75,5.35
3/26/2004,,,,,3.83,1.09,0.0,2.24,4.05,2.79,0.0,,0.0,3.47,0.0,5.15,,,0.0,1.07,,,,1.24,3.73,,,5.48,1.42,1.91,2.29,,,1.56,2.04,,,1.18,7.16,,5.11,2.15,,,,4.0,5.01
4/26/2004,,,,,3.48,1.2,0.0,2.31,3.83,2.95,0.0,,0.0,3.62,0.0,4.94,,,0.0,1.1,,,,1.15,4.03,,,5.08,1.57,1.94,2.25,,,1.47,2.16,,,1.06,7.98,,4.32,2.28,,,,3.94,5.26
5/26/2004,,,,,4.11,1.02,0.0,2.09,4.17,2.71,0.0,,0.0,3.33,0.0,4.75,,,0.0,0.92,,,,1.17,3.95,,,5.34,1.49,1.98,2.22,,,1.62,1.97,,,1.17,7.24,,4.25,2.32,,,,4.05,5.12
6/26/2004,,,,,4.06,1.03,0.0,2.13,3.95,2.86,0.0,,0.0,3.22,0.0,4.79,,,0.0,0.86,,,,1.18,3.92,,,5.03,1.58,2.01,2.18,,,1.65,1.94,,,1.12,7.56,,4.06,2.43,,,,3.76,5.51
7/26/2004,,,,,4.39,0.97,0.0,1.95,4.41,2.57,0.0,,0.0,2.78,0.0,3.9,,,0.0,0.79,,,,1.25,3.72,,,5.35,1.53,1.98,2.21,,,1.85,1.72,,,1.15,7.35,,4.3,2.29,,,,3.92,5.29
8/26/2004,,,,,4.56,0.96,0.0,1.83,4.37,2.59,0.0,,0.0,2.31,0.0,3.87,,,0.0,0.75,,,,1.3,3.58,,,4.9,1.69,2.08,2.33,,,1.85,1.72,,,1.0,8.46,,4.27,2.32,,,,4.09,5.17
9/26/2004,,,,,4.68,0.93,0.0,1.76,4.24,2.67,0.0,,0.0,2.28,0.0,3.89,,,0.0,0.77,,,,1.63,3.55,,,4.84,1.71,2.2,2.21,,,1.91,1.67,,,0.88,9.64,,4.27,2.32,,,,3.97,5.32
10/26/2004,,,,,4.93,0.9,0.0,1.81,4.12,2.75,0.0,,0.0,2.25,0.0,3.7,,,0.0,0.69,,,,1.61,3.61,,,4.91,1.68,2.15,2.26,,,1.97,1.62,,,0.95,8.92,,4.27,2.32,,,,3.82,5.53
11/26/2004,,,,,4.32,1.03,0.0,1.99,3.81,2.97,0.0,,0.0,2.47,0.0,4.06,,,0.0,0.76,,,,1.66,3.49,,,4.73,1.75,2.05,2.37,,,1.83,1.74,,,0.87,9.7,,4.07,2.44,,,,3.81,5.54
12/26/2004,,,,,4.02,1.1,0.0,1.99,3.81,2.97,0.0,,0.0,2.46,0.0,4.05,,,0.0,0.73,,,,1.62,3.58,,,4.42,1.87,1.89,2.56,,,1.85,1.72,,,0.89,9.5,,4.2,2.36,,,,3.75,5.63
1/26/2005,,,,,4.01,1.05,0.0,2.12,3.84,2.62,0.0,,0.0,2.7,0.0,3.26,,,0.0,0.75,,,,1.51,3.28,,,4.44,1.73,1.82,3.35,,,1.93,1.47,,,0.85,6.35,,3.98,2.06,,,,3.99,3.74
2/26/2005,,,,,3.74,1.13,0.0,2.31,3.58,2.81,0.0,,0.0,3.08,0.0,4.0,,,0.0,0.82,,,,1.54,3.2,,,4.64,1.81,1.83,3.34,,,1.9,1.66,,,0.74,7.26,,3.77,2.2,,,,3.77,3.95
3/26/2005,,,,,4.02,1.08,0.0,2.23,3.53,2.84,0.0,,0.0,2.86,0.0,3.71,,,0.0,0.74,,,,1.5,3.29,,,4.56,1.84,5.04,3.19,,,1.88,1.68,,,1.92,7.42,,3.87,2.14,,,,3.83,3.89
4/26/2005,,,,,4.31,1.0,0.0,2.01,3.76,2.67,0.0,,0.0,2.56,0.0,3.32,,,0.0,0.71,,,,1.58,3.13,,,4.82,1.74,5.41,2.97,,,2.06,1.53,,,2.05,6.94,,4.86,2.14,,,,4.01,3.72
5/26/2005,,,,,4.03,1.07,0.0,2.06,3.66,2.75,0.0,,0.0,2.59,0.0,3.71,,,0.0,0.74,,,,1.56,3.17,,,4.73,1.78,5.32,3.02,,,1.92,1.64,,,2.18,6.53,,4.73,2.2,,,,3.81,3.91
6/26/2005,,,,,3.95,1.11,0.0,2.27,3.63,2.77,0.43,,0.0,2.94,0.0,3.81,,,0.0,0.77,,,,1.56,3.16,,,4.66,1.81,5.38,2.99,,,1.88,1.68,,,2.31,6.15,,4.28,2.43,,,,3.55,4.2
7/26/2005,,,,,3.6,1.22,0.0,2.41,3.53,2.85,0.35,,0.0,3.07,0.0,4.14,,,0.0,0.73,,,,1.5,3.28,,,4.31,1.95,4.9,3.28,,,1.77,1.79,,,1.98,7.17,,4.45,2.34,,,,3.44,4.43
8/26/2005,,,,,3.8,1.19,0.0,2.36,3.66,2.75,0.37,,0.0,2.72,0.0,3.82,,,0.0,0.7,,,,1.54,3.21,,,4.82,1.83,5.4,3.4,,,1.89,1.67,,,2.14,6.64,,5.05,2.39,,,,3.62,4.21
9/26/2005,,,,,3.66,1.23,0.0,2.13,3.34,3.01,0.66,,0.0,2.57,0.0,3.83,,,0.0,0.67,,,,1.48,3.33,,,4.6,1.92,5.4,3.4,,,1.8,1.75,,,2.19,6.51,,4.84,2.43,,,,3.51,4.35
10/26/2005,,,,,3.45,1.31,0.0,2.09,3.34,3.01,0.76,,0.0,2.66,0.0,4.06,,,0.0,0.73,,,,1.52,3.24,,,4.7,1.88,5.28,3.48,,,1.84,1.72,,,2.07,6.89,,5.24,2.23,,,,3.51,4.34
11/26/2005,,,,,3.26,1.4,0.0,2.01,3.14,3.21,0.71,,0.0,2.69,0.0,4.74,,,0.0,0.77,,,,1.5,3.28,,,4.1,2.15,4.88,3.76,,,1.71,1.85,,,1.93,7.39,,4.51,2.38,,,,3.33,4.58
12/26/2005,,,,,3.08,1.48,0.0,2.12,3.07,3.28,1.16,,0.0,3.05,0.0,4.77,,,0.0,0.78,,,,1.49,3.32,,,3.77,2.33,4.69,3.62,,,1.51,2.1,,,1.81,7.85,,4.65,2.27,,,,3.22,4.73
1/26/2006,,,,,3.28,1.35,0.0,1.94,3.08,2.69,0.98,,0.0,2.7,0.0,4.24,,,0.0,0.76,,,,1.4,2.79,,,3.84,2.1,5.03,4.08,,,1.45,1.58,,,1.58,6.13,,4.51,2.31,,,,2.99,4.68
2/26/2006,,,,,3.09,1.44,0.0,2.18,2.79,2.97,1.25,,0.0,3.01,0.0,3.92,,,0.0,0.73,,,,1.24,3.16,,,3.74,2.27,4.97,4.65,,,1.58,1.59,,,1.37,7.05,,3.58,2.21,,,,3.05,4.59
3/26/2006,,,,,2.94,1.58,0.0,2.22,2.65,3.13,1.18,,0.0,3.07,0.0,3.69,,,0.0,0.84,,,,1.27,3.09,,,3.62,2.35,4.82,4.78,,,1.59,1.59,,,1.36,7.12,,3.59,2.2,,,,2.66,5.28
4/26/2006,,,,,3.09,1.5,0.0,2.06,2.55,3.25,1.15,,0.0,3.13,0.0,3.85,,,0.0,0.87,,,,1.26,3.1,,,3.57,2.38,4.9,4.71,,,1.59,1.59,,,1.23,7.83,,3.27,2.4,,,,2.58,5.43
5/26/2006,,,,,3.35,1.39,0.0,1.96,2.76,3.0,1.4,,0.0,2.58,0.0,3.53,,,0.0,0.79,,,,1.26,3.12,,,3.81,2.23,5.13,4.5,,,1.77,1.42,,,1.74,7.05,,3.6,2.22,,,,2.96,4.74
6/26/2006,,,,,3.5,1.33,0.0,2.05,2.96,2.8,1.43,,0.0,2.37,0.0,3.58,,,0.0,0.75,,,,1.22,3.2,,,3.95,2.15,5.18,4.33,,,1.86,1.36,,,1.87,6.58,,3.73,2.12,,,,3.06,4.65
7/26/2006,,,,,3.46,1.34,0.0,2.15,2.78,2.98,1.32,,0.0,2.21,0.0,3.36,,,0.0,0.72,,,,1.1,3.54,,,3.83,2.21,5.16,4.35,,,1.75,1.34,,,1.82,6.74,,3.44,2.29,,,,3.05,4.66
8/26/2006,,,,,3.42,1.43,0.0,2.27,2.7,3.07,1.4,,0.0,2.59,0.0,3.67,,,0.0,0.75,,,,1.11,3.52,,,3.69,2.4,5.01,4.78,,,1.66,1.41,,,2.06,5.97,,3.46,2.3,,,,2.89,4.93
9/26/2006,,,,,3.22,1.52,0.0,2.63,2.53,3.27,1.42,,0.0,2.67,0.0,4.09,,,0.0,0.77,,,,1.1,3.55,,,3.53,2.5,4.86,4.93,,,1.59,1.48,,,1.92,6.42,,3.75,2.11,,,,2.8,5.08
10/26/2006,,,,,3.2,1.54,0.0,2.57,2.71,3.06,1.1,,0.0,2.75,0.0,4.03,,,0.0,0.84,,,,1.1,3.55,,,3.51,2.52,4.55,5.25,,,1.55,1.52,,,1.9,6.49,,3.59,2.24,,,,2.48,5.73
11/26/2006,,,,,3.33,1.48,0.0,2.4,2.75,3.02,1.23,,0.0,3.18,0.0,4.39,,,0.0,0.79,,,,1.08,3.62,,,3.77,2.35,4.52,5.16,,,1.53,1.54,,,1.68,7.34,,3.65,2.19,,,,2.55,5.58
12/26/2006,,,,,3.3,1.49,0.0,2.46,2.63,3.15,1.25,,0.0,3.03,0.0,4.09,,,0.0,0.77,,,,1.13,3.47,,,3.68,2.4,4.49,5.19,,,1.56,1.5,,,1.64,7.51,,3.71,2.14,,,,2.54,5.6
1/26/2007,,,,,3.11,1.56,0.0,3.19,2.52,1.23,1.12,0.84,0.0,2.86,0.0,4.98,,,0.0,0.91,,,,1.04,3.47,,,3.67,2.23,4.3,4.8,,,1.48,1.57,,,1.71,5.59,,3.73,2.03,,,,2.38,6.06
2/26/2007,,,,,2.96,1.63,0.0,3.29,2.5,1.25,1.31,0.99,0.0,3.03,0.0,4.89,,,0.0,0.95,,,,1.58,3.45,,,3.93,2.23,4.14,5.19,,,2.02,1.57,,,2.22,6.39,,3.91,1.97,,,,2.32,6.22
3/26/2007,,,,,3.61,1.54,0.0,3.57,2.11,1.47,1.36,1.35,0.0,2.82,0.0,4.69,,,0.0,0.91,,,,1.56,3.48,,,4.19,2.1,4.31,4.98,,,2.09,1.52,,,2.16,6.56,,4.02,1.92,,,,2.54,5.98
4/26/2007,,,,,3.53,1.58,0.0,3.85,2.01,1.55,1.37,1.34,0.0,3.03,0.0,5.12,,,0.0,0.93,,,,1.55,3.51,,,3.91,2.25,3.98,5.4,,,1.95,1.62,,,2.14,6.63,,3.88,1.99,,,,2.69,5.65
5/26/2007,,,,,3.59,1.55,0.0,3.84,2.02,1.54,1.54,1.47,0.0,3.38,0.0,4.7,,,0.0,0.93,,,,1.43,3.81,,,4.01,2.19,4.02,5.34,,,1.98,1.6,,,2.08,6.85,,3.66,2.14,,,,2.52,6.03
6/26/2007,,,,,3.67,1.51,0.0,3.97,1.9,1.63,1.43,1.62,0.0,3.35,0.0,5.15,,,0.0,0.93,,,,1.38,3.94,,,4.01,2.19,4.05,5.3,,,1.93,1.64,,,2.18,6.51,,3.47,2.25,,,,2.61,5.82
7/26/2007,,,,,4.06,1.38,0.0,3.93,1.95,1.59,1.48,1.56,0.0,3.54,0.0,5.62,,,0.0,0.88,,,,1.33,4.1,,,4.25,2.07,4.36,4.93,,,2.02,1.57,,,2.47,5.78,,3.55,2.22,,,,2.68,5.68
8/26/2007,,,,,4.55,1.38,0.0,3.17,2.13,1.46,1.75,1.62,0.51,3.32,0.0,5.34,,,0.0,0.85,,,,1.31,4.14,,,4.69,1.98,4.44,5.03,,,2.09,1.51,,,2.93,4.86,,3.7,2.12,,,,2.78,5.46
9/26/2007,,,,,4.55,1.38,0.0,3.53,2.07,1.5,1.48,2.01,0.5,3.37,0.0,5.95,,,0.0,0.83,,,,1.48,4.18,,,4.51,2.06,4.29,5.21,,,1.94,1.63,,,3.41,4.19,,3.52,2.21,,,,2.79,5.52
10/26/2007,,,,,4.39,1.44,0.0,3.4,2.39,1.41,1.45,2.04,0.47,3.57,0.0,5.43,,,0.0,0.74,,,,1.45,4.27,,,4.58,2.04,3.87,5.65,,,2.09,1.51,,,3.22,4.43,,3.39,2.3,,,,2.7,5.7
11/26/2007,,,,,5.22,1.21,0.0,3.17,2.58,1.31,1.83,1.82,0.64,2.65,0.0,5.15,,,0.0,0.64,,,,1.56,3.95,,,5.54,1.69,4.28,5.1,,,2.12,1.49,,,3.98,3.58,,3.76,2.07,,,,2.78,5.52
12/26/2007,,,,,5.1,1.24,0.0,3.18,2.42,1.39,1.72,1.93,0.64,2.63,0.0,5.02,,,0.0,0.64,,,,1.51,4.08,,,5.22,1.79,4.14,5.15,,,1.99,1.59,,,4.71,3.03,,3.57,2.17,,,,2.6,5.92
1/26/2008,,,,,6.06,1.19,0.0,2.21,2.89,1.73,2.12,1.6,0.79,2.15,0.0,4.14,,,0.0,0.79,,,,1.7,4.39,,,6.44,1.29,4.49,5.72,,,2.32,1.82,,,4.98,1.3,,4.16,1.71,,,,3.03,4.23
2/26/2008,,,,,5.85,1.23,0.0,2.26,2.51,1.98,1.75,1.93,0.74,2.29,1.49,3.63,,,0.0,0.82,,,,1.88,4.07,,,6.15,1.44,4.24,6.3,,,2.61,1.89,,,4.74,1.37,,4.18,1.69,,,,2.98,4.29
3/26/2008,,,,,6.73,1.09,0.0,2.39,2.53,1.97,1.84,1.85,0.87,1.96,1.65,3.29,,,0.0,0.77,,,,1.88,4.08,,,6.4,1.38,4.92,5.42,,,2.89,1.61,,,4.72,1.37,,4.73,1.49,,,,3.78,3.74
4/26/2008,,,,,6.22,1.18,0.0,2.38,3.35,2.06,1.64,2.07,0.67,2.55,1.35,4.01,,,0.0,0.78,,,,1.87,4.11,,,6.19,1.43,4.49,5.81,,,2.88,1.62,,,4.65,1.4,,4.16,1.7,,,,3.74,3.78
5/26/2008,,,,,6.54,1.12,1.69,2.41,3.47,1.99,1.45,2.33,0.62,2.73,1.37,3.96,,,0.0,0.76,,,,1.92,4.0,,,6.15,1.44,4.66,5.6,,,2.89,1.61,,,4.6,1.95,,3.73,1.87,,,,3.63,3.89
6/26/2008,,,,,7.34,1.01,1.82,2.24,4.1,1.52,1.43,2.31,0.52,3.28,1.6,3.39,,,0.0,0.73,,,,2.15,3.57,,,7.15,1.15,5.01,5.21,,,3.18,1.42,,,5.58,1.61,,4.03,1.73,,,,4.28,3.34
7/26/2008,,,,,8.15,0.85,2.12,1.92,4.19,1.49,1.81,1.82,0.54,3.15,1.72,3.16,,,0.0,0.69,,,,2.36,3.25,,,7.05,1.17,5.12,5.29,,,3.23,1.4,,,6.72,1.4,,4.38,1.59,,,,4.5,2.89
8/26/2008,,,,,7.88,0.88,1.85,2.2,4.41,1.42,1.76,1.87,0.61,2.81,1.54,3.52,,,0.0,0.68,,,,2.24,3.43,,,7.52,1.15,4.96,5.46,,,3.17,1.42,,,6.36,1.48,,4.31,1.61,,,,3.99,3.26
9/26/2008,,,,,8.61,0.81,1.94,2.11,5.07,1.23,2.57,1.42,0.0,2.25,1.95,2.78,,,0.0,0.67,,,,2.47,3.29,,,8.9,0.97,5.19,5.04,,,3.53,1.23,,,6.31,1.49,,4.69,1.48,,,,4.38,2.97
10/26/2008,,,,,16.27,0.43,1.93,2.12,6.85,0.91,5.82,0.63,0.0,1.43,2.03,2.67,,,0.0,0.43,,,,3.23,2.51,,,10.28,0.4,5.5,4.76,,,5.1,0.85,,,10.2,0.92,,5.52,1.26,,,,4.93,2.63
11/26/2008,,,,,17.71,0.4,1.72,2.37,7.12,0.88,5.31,0.69,0.0,1.09,2.12,2.55,,,0.0,0.43,,,,3.52,2.31,,,12.64,0.32,5.13,5.1,,,5.43,0.77,,,9.04,1.04,,5.37,1.37,,,,4.72,2.75
12/26/2008,,,,,13.45,0.52,1.81,2.25,6.37,0.98,7.09,0.61,0.0,1.01,2.01,2.69,,,0.0,0.36,,,,3.45,2.35,,,10.35,0.39,5.41,4.76,,,5.13,0.82,,,8.62,1.09,,5.82,1.26,,,,4.79,2.71
1/26/2009,,,,,15.09,0.46,1.77,1.98,6.44,0.93,6.57,0.61,0.0,1.17,1.99,3.06,,,0.0,0.34,,,,3.05,2.22,,,10.98,0.37,5.43,4.6,,,5.13,0.91,,,8.19,1.11,,5.62,1.25,,,,4.51,3.05
2/26/2009,,,,,9.38,0.36,1.86,1.88,6.34,0.95,6.45,0.55,0.0,1.21,1.6,3.04,,,0.0,0.31,,,,2.92,1.94,,,17.92,0.23,5.87,4.57,,,5.32,0.88,,,10.36,0.88,,6.32,1.18,,,,5.28,2.65
3/26/2009,,,,,8.45,0.4,2.18,1.81,6.04,0.99,6.6,0.54,0.0,1.39,1.5,3.25,,,0.0,0.33,,,,2.81,2.02,,,15.26,0.27,5.93,4.52,,,5.57,0.84,,,9.78,0.93,,6.52,1.14,,,,5.32,2.63
4/26/2009,,,,,9.33,0.36,2.11,1.87,5.6,0.96,5.05,0.7,0.0,1.83,1.32,3.68,,,0.0,0.31,,,,3.02,1.88,,,11.99,0.34,6.34,4.23,,,5.16,0.9,,,7.45,1.22,,6.5,1.14,,,,5.12,2.79
5/26/2009,,,,,6.45,0.52,2.04,1.93,5.34,1.0,3.75,0.73,0.0,2.11,1.37,3.54,,,0.0,0.38,,,,2.48,2.29,,,9.02,0.46,6.29,4.26,,,4.99,0.93,,,0.0,1.62,,6.34,1.24,,,,4.79,2.98
6/26/2009,,,,,7.1,0.48,2.2,1.79,5.75,0.93,3.39,0.87,0.0,2.39,1.31,3.71,,,0.0,0.43,,,,2.34,2.43,,,10.37,0.4,6.18,4.34,,,5.39,0.87,,,0.0,1.41,,6.74,1.17,,,,5.21,2.74
7/26/2009,,,,,6.2,0.54,2.14,1.84,5.12,1.05,3.09,0.95,0.0,2.56,1.17,4.16,,,0.0,0.53,,,,2.23,2.55,,,8.79,0.47,6.21,4.42,,,4.56,1.02,,,0.0,1.69,,6.5,1.21,,,,4.95,2.88
8/26/2009,,,,,5.53,0.67,2.12,1.86,4.56,1.18,2.6,0.92,0.0,2.91,1.04,4.67,,,0.0,0.62,,,,1.98,2.73,,,7.08,0.58,5.79,4.74,,,4.37,1.07,,,0.0,2.16,,6.37,1.28,,,,4.7,3.04
9/26/2009,,,,,0.0,0.68,2.18,1.81,4.44,1.21,2.59,0.93,0.0,2.76,1.01,4.82,,,0.0,0.59,,,,1.9,2.85,,,6.55,0.63,5.55,4.94,,,4.23,1.1,,,0.0,2.1,,6.31,1.29,,,,4.48,3.18
10/26/2009,,,,,0.0,0.66,2.11,1.87,4.02,1.33,2.59,0.93,0.0,3.1,1.02,4.79,,,0.0,0.58,,,,1.99,2.72,,,7.74,0.53,5.23,5.25,,,3.96,1.18,,,0.0,2.11,,5.92,1.38,,,,4.31,3.31
11/26/2009,,,,,0.0,0.58,2.0,1.97,3.96,1.28,2.03,0.91,0.0,3.41,0.98,4.95,,,0.0,0.56,,,,1.88,2.87,,,8.3,0.49,5.33,5.14,,,3.86,1.21,,,0.0,2.01,,6.01,1.32,,,,4.5,3.17
12/26/2009,,,,,0.0,0.56,1.95,2.02,3.68,1.38,1.61,1.15,0.0,3.97,0.83,5.83,,,0.0,0.55,,,,1.77,3.05,,,8.21,0.71,5.32,5.15,,,3.41,1.37,,,0.0,2.55,,5.69,1.4,,,,4.15,3.44
1/26/2010,,,,,0.0,0.46,1.97,1.84,3.97,1.1,1.75,0.99,0.0,2.26,0.86,3.61,,,0.0,0.44,,,,1.69,1.67,,,8.34,0.61,5.28,5.55,,,3.18,1.42,,,0.0,2.21,,5.83,1.17,,,,4.24,2.79
2/26/2010,,,,,0.0,0.48,2.0,1.82,3.61,0.96,1.98,0.94,0.0,2.28,0.89,3.5,,,0.0,0.47,,,,1.8,1.73,,,8.66,0.58,5.9,5.45,,,3.26,1.39,,,0.0,1.94,,6.03,1.13,,,,4.46,2.69
3/26/2010,,,,,0.0,0.53,2.34,1.98,3.28,1.06,1.69,1.1,0.0,2.67,0.76,4.11,,,0.0,0.48,,,,1.7,1.84,,,7.67,0.66,5.89,5.45,,,2.82,1.61,,,0.0,2.24,,5.63,1.21,,,,4.13,2.9
4/26/2010,,,,,0.0,0.55,2.22,2.09,2.83,1.23,1.71,1.09,0.0,2.82,0.75,4.17,,,0.0,0.55,,,,1.78,1.75,,,7.66,0.66,6.26,5.1,,,2.6,1.74,,,0.0,2.57,,5.23,1.31,,,,4.24,2.83
5/26/2010,,,,,0.0,0.46,2.27,2.04,3.3,1.05,2.28,0.82,0.0,2.11,0.87,3.58,,,0.0,0.5,,,,1.94,1.61,,,9.19,0.55,6.56,4.86,,,2.94,1.56,,,0.0,2.07,,5.77,1.18,,,,4.5,2.72
6/26/2010,,,,,0.0,0.49,2.23,2.08,3.05,1.14,2.34,0.79,0.0,2.2,0.84,3.7,,,0.0,0.58,,,,1.79,2.05,,,8.83,0.57,6.52,4.9,,,2.77,1.65,,,0.0,2.11,,5.62,1.21,,,,4.09,2.99
7/26/2010,,,,,0.0,0.48,2.29,2.02,2.97,1.17,2.21,0.84,0.0,2.25,0.81,3.82,,,0.0,0.66,,,,1.76,2.08,,,7.92,0.64,6.24,5.11,,,2.83,1.62,,,0.0,2.27,,5.52,1.23,,,,4.15,2.95
8/26/2010,,,,,0.0,0.43,2.39,1.94,3.27,1.06,2.47,0.75,0.0,2.27,0.95,3.27,,,0.0,0.64,,,,1.86,1.97,,,0.0,0.62,7.3,4.92,,,3.18,1.44,,,0.0,1.85,,5.85,1.19,,,,4.52,2.7
9/26/2010,,,,,0.0,0.47,2.26,2.05,2.9,1.2,2.25,0.83,0.0,2.43,0.92,3.38,,,0.0,0.63,,,,1.73,2.11,,,0.0,0.7,7.01,5.13,,,3.01,1.52,,,0.0,2.13,,5.47,1.27,,,,4.21,2.9
10/26/2010,,,,,0.0,0.48,2.35,1.98,3.16,1.1,2.33,0.8,0.0,2.4,0.85,3.67,,,0.0,0.69,,,,1.71,2.14,,,0.0,0.71,6.81,5.28,,,3.09,1.49,,,0.0,2.25,,5.37,1.29,,,,4.01,3.05
11/26/2010,,,,,0.0,0.46,2.44,1.9,3.15,1.11,2.31,0.8,0.0,2.52,0.77,4.06,,,0.0,0.66,,,,1.79,2.04,,,0.0,0.64,7.01,5.13,,,3.18,1.44,,,0.0,2.29,,5.33,1.33,,,,4.26,2.87
12/26/2010,,,,,0.0,0.48,2.32,2.0,2.88,1.21,1.95,0.95,0.0,3.36,0.69,4.49,,,0.0,0.78,,,,1.74,2.1,,,0.0,0.65,7.22,4.98,,,3.07,1.49,,,0.0,2.44,,5.01,1.42,,,,3.95,3.09
1/26/2011,,,,,0.0,0.5,2.32,2.01,2.91,1.17,1.9,0.98,0.0,2.23,0.66,3.79,,,0.0,0.69,,,,1.74,2.2,,,0.0,0.67,6.96,6.17,,,3.24,1.85,,,0.0,2.48,,4.93,1.2,,,,3.87,3.31
2/26/2011,,,,,1.81,0.52,2.36,1.98,2.75,1.23,1.98,0.94,0.0,2.41,0.64,3.94,,,0.0,0.79,,,,1.73,2.21,,,0.0,0.74,6.83,6.29,,,3.22,1.86,,,3.02,2.43,,4.84,1.22,,,,4.0,3.25
3/26/2011,,,,,1.88,0.55,3.08,1.91,2.87,1.18,2.03,0.91,1.45,2.28,0.65,3.85,,,0.0,0.85,,,,1.73,2.21,,,0.0,0.77,6.77,6.16,,,3.32,1.8,,,3.02,2.43,,4.87,1.23,,,,4.24,3.06
4/26/2011,,,,,1.86,0.55,3.1,1.9,2.56,1.33,2.11,0.88,1.47,2.25,0.71,3.55,,,0.0,0.96,,,,1.59,2.41,,,0.0,0.72,7.47,5.59,,,3.56,1.66,,,3.06,2.41,,4.86,1.23,,,,4.15,3.13
5/26/2011,,,,,2.15,0.48,2.96,1.98,2.73,1.24,2.28,0.81,1.4,2.35,0.75,3.34,,,0.0,0.8,,,,1.56,2.45,,,0.0,0.68,7.92,5.27,,,3.76,1.57,,,3.55,2.08,,4.97,1.18,,,,4.31,3.02
6/26/2011,,,,,2.27,0.45,3.12,1.84,2.95,1.15,2.31,0.8,1.54,2.14,0.81,3.09,,,0.0,0.89,,,,1.59,2.41,,,0.0,0.65,8.0,5.22,,,4.33,1.36,,,3.81,1.94,,5.15,1.13,,,,4.6,2.82
7/26/2011,,,,,2.4,0.43,3.14,1.82,3.36,1.05,2.35,0.79,1.85,1.78,0.76,3.28,,,0.0,0.82,,,,1.56,2.46,,,0.0,0.65,7.98,5.29,,,4.1,1.44,,,3.76,1.96,,4.72,1.25,,,,4.34,3.02
8/26/2011,,,,,3.46,0.3,3.67,1.56,4.27,0.83,3.8,0.49,2.25,1.46,0.85,2.95,,,0.0,0.68,,,,2.44,1.93,,,0.0,0.45,8.55,4.78,,,5.26,1.12,,,5.48,1.35,,5.4,1.06,,,,5.3,2.48
9/26/2011,,,,,3.52,0.29,3.54,1.62,4.52,0.78,4.5,0.41,2.21,1.49,0.76,3.3,,,0.0,0.7,,,,2.39,1.97,,,0.0,0.41,8.75,4.67,,,5.45,1.08,,,5.09,1.45,,5.3,1.09,,,,5.49,2.39
10/26/2011,,,,,2.93,0.35,3.1,1.85,3.78,0.94,3.76,0.49,1.95,1.69,0.68,3.66,,,0.0,0.75,,,,2.24,2.11,,,0.0,0.51,8.5,4.81,,,4.84,1.22,,,4.6,1.6,,4.61,1.25,,,,5.16,2.54
11/26/2011,,,,,3.59,0.29,3.19,1.8,4.3,0.83,4.72,0.42,2.17,1.52,0.72,3.46,,,0.0,0.76,,,,2.46,1.92,,,0.0,0.39,9.4,4.35,,,5.4,1.09,,,5.75,1.28,,4.87,1.19,,,,5.75,2.28
12/26/2011,,,,,3.18,0.32,2.9,1.87,3.93,0.91,3.96,0.5,1.8,1.83,0.63,3.98,,,0.0,0.76,,,,2.28,2.07,,,0.0,0.47,8.88,4.6,,,4.62,1.28,,,5.14,1.43,,4.29,1.36,,,,5.1,2.57
1/26/2012,,,,,2.68,0.36,2.84,1.88,3.41,1.41,3.32,0.67,1.51,1.94,1.38,3.52,,,0.0,0.86,,,,2.22,1.78,,,0.0,0.48,10.37,4.87,,,4.63,1.41,,,4.43,1.78,,4.38,1.19,,,,4.81,2.73
2/26/2012,,,,,2.55,0.38,2.81,1.89,3.33,1.48,3.45,0.64,1.42,2.07,1.33,3.66,,,0.0,0.86,,,,2.11,1.94,,,0.0,0.45,10.49,4.81,,,4.73,1.44,,,4.43,1.89,,4.37,1.2,,,,4.76,2.81
3/26/2012,,,,,2.31,0.42,3.81,1.93,3.24,1.52,3.76,0.59,1.81,2.02,1.26,3.78,,,3.86,0.86,,,,1.96,2.09,,,0.0,0.46,9.94,5.08,,,4.87,1.39,,,4.33,1.94,,4.43,1.19,,,,4.69,2.84
4/26/2012,,,,,2.79,0.35,4.22,1.74,3.6,1.37,4.27,0.52,1.85,1.97,1.19,4.01,,,3.69,0.91,,,,1.98,2.07,,,0.0,0.36,12.26,4.12,,,4.9,1.39,,,4.69,1.79,,4.45,1.18,,,,5.09,2.62
5/26/2012,,,,,2.8,0.34,4.15,1.77,3.88,1.27,4.86,0.45,1.78,2.06,1.26,3.78,,,3.85,0.84,,,,2.11,1.94,,,0.0,0.33,11.07,4.56,,,4.98,1.34,,,5.65,1.49,,5.06,1.11,,,,5.72,2.33
6/26/2012,,,,,2.87,0.34,4.28,1.72,4.11,1.2,4.92,0.45,1.76,2.08,1.2,3.95,,,3.75,0.86,,,,2.14,1.91,,,0.0,0.32,11.34,4.45,,,4.82,1.38,,,5.65,1.49,,4.9,1.15,,,,5.71,2.34
7/26/2012,,,,,2.75,0.35,4.16,1.7,3.23,1.53,4.6,0.48,1.59,2.3,1.0,4.77,,,3.42,0.94,,,,1.89,2.16,,,0.0,0.34,10.42,3.93,,,3.98,1.67,,,5.22,1.61,,4.67,1.21,,,,4.91,2.72
8/26/2012,,,,,4.76,0.42,3.95,1.79,3.2,1.54,4.51,0.49,1.85,1.97,1.0,4.76,,,3.56,0.9,,,,1.93,2.2,,,0.0,0.39,10.22,4.01,,,3.91,1.7,,,4.82,1.74,,4.71,1.25,,,,4.78,2.8
9/26/2012,,,,,4.66,0.42,4.04,1.75,3.3,1.52,4.8,0.46,1.92,1.91,1.13,4.19,,,3.82,0.84,,,,1.86,2.28,,,0.0,0.43,11.07,3.7,,,3.82,1.6,,,4.73,1.78,,4.85,1.22,,,,4.67,2.86
10/26/2012,,,,,4.64,0.42,4.11,1.72,3.5,1.43,4.61,0.48,2.01,1.82,1.09,4.35,,,4.07,0.79,,,,1.81,2.34,,,0.0,0.46,13.25,3.09,,,3.72,1.65,,,4.94,1.7,,5.06,1.17,,,,4.62,2.89
11/26/2012,,,,,4.5,0.44,4.14,1.71,3.42,1.46,1.34,0.46,1.89,1.93,1.03,3.65,,,3.79,0.85,,,,1.73,2.44,,,0.0,0.47,15.42,2.66,,,3.58,1.71,,,5.21,1.61,,5.22,1.14,,,,4.68,2.86
12/26/2012,,,,,4.06,0.48,3.9,1.82,2.92,1.72,1.19,0.51,1.86,2.29,0.98,4.99,,,3.74,0.86,,,,1.72,2.46,,,0.0,0.47,3.16,2.25,,,3.57,1.71,,,4.54,1.85,,5.12,1.18,,,,4.37,3.06
1/26/2013,,,,,3.96,0.55,3.68,1.77,2.81,2.2,1.17,0.63,1.73,1.26,0.97,3.32,,,3.58,0.9,,,,1.67,2.61,,,0.0,0.59,2.83,1.46,,,3.23,1.89,,,4.13,1.79,,5.06,1.25,,,,4.49,2.92
2/26/2013,,,,,4.65,0.5,3.67,1.77,2.96,2.09,1.36,0.54,1.67,1.3,0.98,3.29,,,3.58,0.9,,,,1.61,2.8,,,0.0,0.48,4.39,0.94,,,3.53,1.81,,,3.9,1.9,,5.42,1.17,,,,4.57,2.92
3/26/2013,,,,,4.41,0.53,3.66,1.96,2.86,2.16,1.5,0.49,1.89,1.15,1.02,3.07,,,4.5,1.01,,,,1.48,3.03,,,0.0,0.46,4.36,0.95,,,3.22,1.99,,,3.83,1.93,,5.28,1.2,,,,4.05,3.29
4/26/2013,,,,,4.25,0.55,3.68,1.95,3.1,1.99,1.66,0.44,1.95,1.12,0.94,3.34,,,4.29,1.06,,,,1.66,2.71,,,0.0,0.5,0.0,1.58,,,3.52,1.82,,,3.89,1.96,,5.22,1.22,,,,4.09,3.25
5/26/2013,,,,,4.17,0.55,3.46,2.07,2.99,2.06,1.55,0.47,1.91,1.14,0.85,3.72,,,4.01,1.14,,,,1.6,2.81,,,0.0,0.57,0.0,1.68,,,3.21,1.96,,,3.73,2.04,,5.19,1.23,,,,4.1,3.25
6/26/2013,,,,,4.01,0.61,3.86,1.86,3.4,1.83,1.79,0.41,1.94,1.12,0.9,3.82,,,3.87,1.18,,,,1.81,2.48,,,0.0,0.56,0.0,1.54,,,3.46,1.82,,,3.94,1.93,,5.54,1.16,,,,4.34,3.07
7/26/2013,,,,,3.53,0.7,3.57,2.0,3.24,1.92,1.56,0.47,1.76,1.05,0.79,4.33,,,3.43,1.33,,,,1.76,2.56,,,0.0,0.61,0.0,1.94,,,2.99,2.11,,,3.39,2.25,,5.24,1.23,,,,3.81,3.49
8/26/2013,,,,,3.89,0.66,3.41,2.1,3.02,2.06,1.52,0.48,1.73,1.07,0.78,4.4,,,3.55,1.29,,,,1.75,2.66,,,0.0,0.7,0.0,2.39,,,3.02,2.08,,,3.42,2.23,,5.58,1.15,,,,3.71,3.59
9/26/2013,,,,,3.89,0.67,3.4,2.1,2.96,2.1,1.48,0.5,1.67,1.11,0.73,4.66,,,3.41,1.34,,,,1.75,2.65,,,0.0,0.69,0.0,2.42,,,2.96,2.04,,,3.06,2.49,,5.51,1.18,,,,3.59,3.71
10/26/2013,,,,,3.71,0.7,3.18,2.25,2.83,2.2,1.32,0.56,1.69,1.09,0.78,4.38,,,3.54,1.29,,,,1.82,2.56,,,0.0,0.76,0.0,2.36,,,2.81,2.15,,,2.86,2.67,,5.4,1.21,,,,3.41,3.9
11/26/2013,,,,,3.29,0.79,3.29,2.18,2.67,2.32,1.26,0.59,1.71,1.08,0.78,4.41,,,3.81,1.2,,,,1.84,2.53,,,0.0,0.77,0.0,2.44,,,2.8,2.16,,,2.77,2.76,,5.44,1.19,,,,3.33,4.0
12/26/2013,,,,,3.16,0.82,3.37,2.12,2.61,2.38,1.24,0.59,1.8,1.03,0.78,4.37,,,3.68,1.24,,,,1.92,2.42,,,0.0,0.81,0.0,2.38,,,2.74,2.21,,,2.68,2.85,,5.2,1.26,,,,3.32,4.01
1/26/2014,,,,,3.3,0.79,3.48,2.77,2.68,2.24,1.28,0.6,1.69,0.91,0.95,3.44,,,3.41,1.08,,,,1.94,2.2,,,0.0,0.76,0.0,3.31,,,2.73,2.29,,,2.7,2.48,,5.13,1.17,,,,3.28,3.01
2/26/2014,,,,,3.36,0.79,3.31,2.91,2.43,2.47,1.35,0.57,1.63,0.94,0.96,3.38,,,3.35,1.1,,,,1.83,2.26,,,0.0,0.8,0.0,3.2,,,3.15,2.19,,,2.12,2.41,,5.03,1.19,,,,3.39,2.96
3/26/2014,,,,,3.34,0.8,3.31,3.11,2.5,2.4,1.35,0.57,1.46,1.05,0.9,3.61,,,2.93,1.38,,,,1.85,2.23,,,0.0,0.76,0.0,3.08,,,3.2,2.16,,,2.24,2.27,,5.11,1.17,,,,3.46,2.9
4/26/2014,,,,,3.43,0.78,3.47,2.74,2.68,2.24,1.31,0.59,1.64,1.1,1.03,3.18,,,2.86,1.41,,,,1.79,2.31,,,0.0,0.75,0.0,3.02,,,3.45,2.0,,,2.22,2.29,,4.92,1.23,,,,3.51,2.86
5/26/2014,,,,,3.48,0.77,3.35,2.84,2.61,2.31,1.35,0.57,1.7,1.06,0.99,3.28,,,2.8,1.44,,,,1.73,2.39,,,0.0,0.78,0.0,3.3,,,3.39,2.04,,,2.24,2.3,,4.62,1.31,,,,3.26,3.08
6/26/2014,,,,,3.45,0.78,3.46,2.52,2.7,2.25,1.42,0.54,1.66,1.09,0.91,3.6,,,2.59,1.56,,,,1.71,2.41,0.0,2.07,0.0,0.79,0.0,3.19,,,3.6,1.96,,,2.4,2.15,,4.46,1.36,,,,3.23,3.11
7/26/2014,,,,,3.53,0.76,3.59,2.43,2.66,2.28,1.38,0.56,1.74,1.04,0.97,3.37,,,2.71,1.49,,,,1.66,2.49,0.0,2.22,0.0,0.77,0.0,2.89,0.0,0.37,3.39,2.08,,,2.62,1.97,,4.39,1.38,,,,3.3,3.04
8/26/2014,,,,,3.68,0.73,3.63,2.4,2.7,2.25,1.39,0.56,1.7,1.06,0.84,3.87,,,2.51,1.61,,,,1.55,2.66,0.0,2.24,0.0,0.8,0.0,3.06,0.0,0.38,3.41,2.07,,,2.62,1.97,,4.41,1.37,,,,3.32,3.02
9/26/2014,,,,,3.35,0.8,3.69,2.36,2.68,2.27,1.4,0.55,1.75,1.04,0.78,4.2,,,2.41,1.67,,,,1.52,2.72,0.0,2.19,0.0,0.86,0.0,3.05,0.0,0.4,3.18,2.22,,,2.56,2.02,,4.46,1.35,,,,3.35,3.0
10/26/2014,,,,,3.55,0.76,3.77,2.31,2.84,2.14,1.52,0.51,1.8,1.01,0.82,3.91,,,2.4,1.68,,,,1.56,2.64,0.0,2.02,0.0,0.86,0.84,2.93,0.0,0.38,3.77,1.87,,,2.8,1.84,,4.81,1.25,,,,3.44,2.92
11/26/2014,,,,,3.5,0.77,3.34,2.61,2.67,2.27,1.53,0.5,1.49,1.21,0.74,4.32,,,1.93,2.09,,,,1.44,2.86,0.0,2.19,0.0,0.89,0.76,3.25,0.0,0.42,3.38,2.04,,,2.37,2.17,,4.96,1.28,,,,3.01,3.33
12/26/2014,,,,,3.52,0.76,3.21,2.71,2.54,2.39,1.68,0.46,1.46,1.24,0.68,4.67,,,1.81,2.23,,,,1.5,2.76,0.0,2.54,0.0,0.84,0.76,3.24,0.0,0.43,3.32,2.07,,,2.35,2.2,,5.06,1.25,,,,2.73,3.67
1/26/2015,,,,,3.51,0.69,2.87,2.62,2.25,2.41,1.82,0.65,1.36,1.19,0.74,4.37,,,1.82,2.19,,,,1.36,2.79,0.0,2.1,0.0,0.92,0.74,2.97,0.0,0.42,2.99,2.15,,,2.06,2.15,,4.8,1.24,,,,2.62,3.27
2/26/2015,,,,,3.32,0.77,2.85,2.68,2.16,2.51,1.58,0.75,1.22,1.33,0.72,4.47,,,6.44,2.82,,,,1.58,2.97,0.0,2.31,0.9,1.07,2.3,3.33,0.0,0.44,3.01,2.13,,,2.45,2.46,,4.9,1.21,,,,2.46,3.52
3/26/2015,,,,,3.16,0.8,2.66,2.87,2.12,2.55,1.68,0.71,1.43,1.36,0.77,4.22,,,5.08,3.57,,,,1.54,3.03,0.63,2.42,0.89,1.09,2.17,3.54,0.0,0.45,3.07,2.09,,,2.36,2.55,,5.02,1.18,,,,2.38,3.64
4/26/2015,,,,,3.25,0.78,2.58,2.96,2.05,2.64,1.62,0.74,1.33,1.46,0.71,4.58,,,5.03,3.61,,,,1.51,3.11,0.58,2.64,0.86,1.13,2.04,3.77,0.0,0.46,2.92,2.19,,,2.34,2.57,,4.89,1.21,,,,2.37,3.66
5/26/2015,,,,,3.23,0.79,2.59,2.95,2.1,2.58,1.53,0.78,1.39,1.4,0.7,4.61,,,6.17,2.94,,,,1.52,3.07,0.6,2.7,0.81,1.2,2.1,3.65,0.0,0.45,3.19,2.01,,,2.42,2.53,,5.83,1.15,,,,2.48,3.49
6/26/2015,,,,,3.37,0.75,2.67,2.86,2.09,2.65,1.66,0.72,1.37,1.41,0.71,4.51,,,5.76,3.15,,,,1.56,2.99,0.6,2.66,0.77,1.25,2.01,3.82,0.0,0.44,3.4,1.92,,,2.19,2.78,,6.07,1.11,,,,2.51,3.45
7/26/2015,,,,,3.24,0.79,2.7,2.63,2.16,2.56,1.96,0.61,1.43,1.36,0.78,4.11,,,6.86,2.65,,,,1.52,3.08,0.6,2.69,0.77,1.26,1.98,3.88,0.0,0.48,3.31,1.98,,,2.07,2.95,,6.41,1.04,,,,2.51,3.46
8/26/2015,,,,,4.51,0.59,2.83,2.52,2.49,2.23,2.31,0.51,1.86,1.04,0.91,3.51,,,8.74,2.08,,,,1.72,2.93,0.64,2.52,2.27,1.07,3.44,3.63,3.91,0.46,3.6,1.81,,,2.3,2.65,,7.67,0.9,,,,1.95,3.36
9/26/2015,,,,,4.61,0.58,2.82,2.52,2.54,2.18,3.06,0.39,2.08,0.93,0.91,3.52,,,10.73,1.69,,,,1.65,3.05,0.64,2.52,2.33,1.04,3.32,3.76,3.98,0.43,3.74,1.74,,,2.42,2.53,,7.85,0.9,,,,1.93,3.39
10/26/2015,,,,,4.34,0.61,2.67,2.67,2.27,2.47,2.89,0.41,1.76,1.1,0.83,3.83,,,7.51,2.42,,,,1.47,3.41,0.58,2.78,2.23,1.09,3.35,3.73,3.63,0.47,3.38,1.93,,,2.51,2.43,,6.83,1.03,,,,1.75,3.73
11/26/2015,0.0,1.1,,,4.1,0.65,2.32,3.07,2.21,2.55,3.26,0.36,1.6,1.22,0.8,3.98,,,7.45,2.44,,,,1.39,3.61,0.59,2.72,2.3,1.05,3.19,3.92,3.17,0.54,3.09,2.11,,,2.21,2.76,,7.11,1.02,,,,1.63,4.0
12/26/2015,0.0,1.16,,,4.57,0.58,2.43,2.93,2.35,2.38,3.67,0.32,1.67,1.17,0.84,3.79,,,7.91,2.3,,,,1.49,3.38,0.6,2.67,2.39,1.02,3.33,3.76,3.19,0.54,3.36,1.9,,,2.22,2.75,,7.94,0.92,,,,1.73,3.78
1/26/2016,0.0,1.01,,,4.8,0.64,2.4,1.03,2.51,2.21,4.3,0.23,1.69,1.11,1.27,3.26,,,8.04,2.18,,,,1.53,3.36,0.63,2.33,2.81,0.83,3.29,5.88,3.32,0.46,3.32,1.78,,,2.59,2.2,,8.99,0.79,,,,1.76,3.49
2/26/2016,2.36,0.98,,,5.47,0.56,2.39,1.03,2.91,2.02,4.7,0.21,1.85,1.18,1.26,3.26,,,4.59,2.54,,,,1.75,3.24,0.6,2.41,6.02,0.84,3.42,5.66,5.29,0.42,3.45,1.71,,,3.53,2.1,,8.16,0.92,,,,2.22,3.9
3/26/2016,2.54,0.91,,,5.09,0.6,2.59,1.03,2.63,2.23,0.0,0.39,1.84,1.19,1.21,3.4,,,5.23,2.68,,,,1.65,3.43,1.38,2.32,5.97,0.85,3.19,6.07,5.21,0.43,3.27,1.81,,,3.61,2.06,,7.99,0.94,,,,2.13,4.05
4/26/2016,2.33,0.99,,,4.83,0.63,2.72,0.98,2.47,2.37,0.0,0.52,1.92,1.14,1.23,3.36,,,5.03,2.78,,,,1.6,3.53,1.26,2.53,5.74,0.88,3.37,5.75,4.87,0.46,3.27,1.81,,,3.63,2.04,,7.41,1.03,,,,2.25,3.85
5/26/2016,2.45,0.94,,,5.46,0.56,2.64,1.01,2.44,2.4,0.0,0.46,1.89,1.16,1.19,3.47,,,4.9,2.85,,,,1.55,3.65,1.2,2.67,5.74,0.88,3.19,6.07,5.26,0.42,3.33,1.78,,,3.48,2.13,,7.57,1.0,,,,2.13,4.11
6/26/2016,2.65,0.87,,,6.73,0.48,2.68,0.99,2.77,2.12,0.0,0.45,2.01,1.09,1.23,3.36,0.0,0.77,4.99,2.8,,,,1.63,3.47,1.24,2.58,6.96,0.73,3.78,5.13,6.03,0.37,3.62,1.66,,,4.1,1.81,,7.27,1.04,,,,2.24,3.92
7/26/2016,2.71,0.85,,,7.36,0.44,2.36,1.73,2.67,2.19,0.0,0.58,1.84,1.2,1.07,3.86,0.0,0.7,4.52,3.1,,,,1.54,3.67,1.15,2.8,6.55,0.77,3.71,5.23,6.41,0.34,3.28,1.84,,,4.44,1.67,,6.86,1.11,,,,2.02,4.34
8/26/2016,3.49,0.93,,,7.56,0.42,2.41,1.7,2.57,2.28,0.0,0.61,2.1,1.06,1.11,3.73,0.0,0.74,4.22,3.31,,,,1.74,3.44,1.16,2.75,5.97,0.85,3.68,4.99,6.36,0.38,3.08,1.96,,,4.04,1.84,,7.59,1.01,,,,2.01,4.35
9/26/2016,3.36,0.97,,,7.56,0.42,2.54,1.62,2.55,2.29,0.0,0.58,1.93,1.15,1.08,3.8,0.0,0.72,4.03,3.47,,,,1.77,3.39,1.11,2.89,6.01,0.84,3.63,5.05,6.07,0.4,3.05,1.98,,,4.09,1.82,,7.97,0.97,,,,2.03,4.31
10/26/2016,3.02,1.08,,,6.53,0.47,2.53,1.62,2.67,2.26,0.0,0.66,1.83,1.21,1.1,3.76,0.0,0.79,3.8,3.68,,,,1.81,3.31,1.12,2.87,5.44,0.93,3.71,4.95,5.9,0.41,2.89,2.08,,,3.54,2.1,,7.36,1.05,,,,2.16,4.06
11/26/2016,3.09,1.05,,,5.43,0.57,2.66,1.54,2.66,2.27,0.0,0.77,1.77,1.25,1.07,3.91,0.0,0.8,3.69,3.8,,,,1.92,3.13,1.16,2.77,5.1,0.99,4.03,4.56,5.43,0.45,2.9,2.08,,,3.46,2.14,,7.2,1.08,,,,2.22,3.95
12/26/2016,2.92,1.11,,,4.94,0.62,2.65,1.55,2.64,2.28,0.0,0.76,1.63,1.36,0.99,4.22,0.0,0.9,3.78,3.7,,,,1.94,3.09,1.1,2.9,4.77,1.06,3.86,4.75,5.04,0.48,2.76,2.14,,,3.23,2.3,,6.57,1.2,,,,2.21,3.96
1/26/2017,2.81,1.07,,,4.98,0.63,2.6,1.69,2.45,2.75,0.0,0.72,1.57,1.41,1.05,4.18,0.0,0.86,3.54,3.12,,,,1.95,3.06,1.06,3.0,4.75,1.05,3.97,5.11,4.91,0.5,2.85,2.17,,,3.02,2.39,,6.6,1.28,,,,2.18,4.52
2/26/2017,3.92,1.04,,,5.25,0.6,2.58,1.71,2.63,2.7,0.0,0.79,1.45,1.53,1.04,4.25,0.0,0.82,4.86,3.3,,,,1.72,3.36,0.97,3.28,5.07,1.0,3.71,5.07,5.39,0.42,2.86,2.17,,,3.49,2.34,,6.94,1.22,,,,2.06,4.99
3/26/2017,3.67,1.12,,,5.34,0.59,2.88,1.67,2.12,3.34,0.0,0.76,1.34,1.65,0.98,4.52,4.8,0.87,4.44,3.61,,,,1.71,3.39,1.21,3.27,4.79,1.06,3.55,5.29,5.12,0.45,2.71,2.29,,,3.35,2.43,,7.05,1.2,,,,2.09,4.98
4/26/2017,3.53,1.16,,,5.48,0.57,2.99,1.61,2.02,3.5,0.0,0.7,1.29,1.73,0.98,4.48,4.7,0.88,3.72,4.32,,,,1.62,3.58,1.1,3.62,4.4,1.15,3.59,5.24,5.08,0.46,2.52,2.46,,,3.44,2.37,,7.01,1.22,,,,2.05,5.08
5/26/2017,3.59,1.14,,,5.9,0.53,2.88,1.67,2.17,3.28,0.0,0.63,1.26,1.76,1.0,4.4,4.66,0.89,3.68,4.36,,,,1.53,3.77,1.11,3.56,4.34,1.17,2.76,5.72,4.81,0.49,2.55,2.43,,,3.64,2.24,,7.1,1.22,,,,2.04,5.09
6/26/2017,3.63,1.13,,,5.93,0.53,3.34,1.44,2.11,3.36,0.0,0.6,1.32,1.68,1.0,4.39,4.3,0.97,3.56,4.51,,,,1.54,3.77,1.15,3.44,4.4,1.16,2.89,5.46,5.08,0.47,2.44,2.57,,,3.68,2.21,,7.33,1.19,,,,2.04,5.1
7/26/2017,3.46,1.18,,,5.47,0.58,3.29,1.46,2.18,3.25,0.0,0.7,1.34,1.65,0.91,4.78,3.95,1.05,3.28,4.89,,,,1.52,3.82,1.15,3.45,4.18,1.22,2.73,5.78,4.47,0.54,2.44,2.57,,,3.66,2.23,,7.34,1.19,,,,2.18,4.78
8/26/2017,4.56,1.16,,,5.24,0.6,3.69,1.3,2.11,3.36,0.0,0.7,1.43,1.52,0.93,4.68,3.88,1.05,3.21,5.0,,,,1.57,3.76,1.09,3.64,4.41,1.15,2.83,5.59,4.62,0.51,2.48,2.53,,,3.86,2.11,,7.28,1.18,,,,2.19,4.76
9/26/2017,4.5,1.18,,,5.3,0.6,3.67,1.31,2.13,3.33,0.0,0.67,1.35,1.61,0.87,4.96,3.81,1.07,3.05,5.26,,,,1.62,3.62,1.07,3.71,4.33,1.18,2.9,5.46,4.56,0.52,2.32,2.71,,,3.63,2.25,,6.68,1.3,,,,2.1,4.95
10/26/2017,4.1,1.29,,,5.07,0.63,3.55,1.36,2.37,3.34,0.0,0.8,1.25,1.73,0.79,5.49,3.58,1.14,2.7,5.95,,,,1.65,3.56,1.03,3.86,4.13,1.23,3.68,5.62,4.29,0.55,2.27,2.76,,,3.63,2.25,,6.52,1.33,,,,1.94,5.16
11/26/2017,4.36,1.22,,,5.09,0.63,3.35,1.44,2.36,3.35,0.0,0.78,1.15,1.89,0.77,5.62,3.65,1.12,2.42,6.63,,,,1.59,3.69,1.06,3.76,4.38,1.18,3.69,5.52,4.44,0.53,2.43,2.58,,,3.77,2.16,,6.32,1.34,,,,2.31,5.36
12/26/2017,4.05,1.31,,,4.91,0.65,3.13,1.5,2.51,3.16,0.0,0.87,1.23,1.76,0.82,5.3,3.7,1.1,2.46,6.51,,,,1.55,3.79,1.06,3.74,4.31,1.2,3.78,5.39,4.31,0.55,2.5,2.51,,,3.67,2.22,,5.95,1.44,,,,2.24,5.53
1/26/2018,3.98,1.33,,,4.62,0.67,3.09,1.55,2.45,1.6,0.0,0.83,1.19,2.23,0.84,5.53,3.59,1.06,2.21,8.49,,,,1.5,3.63,0.99,3.71,4.13,1.24,3.81,6.23,4.06,0.58,2.38,2.62,,,3.26,2.38,,5.76,1.41,,,,2.34,5.42
2/26/2018,5.71,1.23,,,4.81,0.67,3.2,1.5,2.29,1.71,0.23,0.79,1.19,2.23,0.87,5.38,4.4,1.11,5.8,8.6,,,,1.71,3.45,1.03,3.56,4.55,1.12,4.17,5.7,4.56,0.54,2.52,2.47,,,3.21,2.41,,6.36,1.27,,,,2.34,5.42
3/26/2018,6.12,1.15,,,5.01,0.64,3.41,1.55,3.33,1.6,0.26,0.69,1.33,2.28,0.86,5.45,4.77,1.02,5.38,9.28,,,,1.73,3.42,1.25,3.31,4.99,1.02,4.61,5.16,4.69,0.53,2.63,2.37,,,5.07,2.23,,6.48,1.25,,,,2.37,5.34
4/26/2018,5.63,1.25,,,4.43,0.72,3.16,1.68,3.28,1.63,0.23,0.77,1.58,1.92,0.87,5.36,4.22,1.16,7.42,6.72,,,,1.69,3.49,1.22,3.4,4.82,1.06,4.23,5.62,4.21,0.58,2.29,2.72,,,5.25,2.15,,5.72,1.41,,,,2.23,5.7
5/26/2018,6.09,1.16,,,4.81,0.67,3.17,1.67,3.23,1.65,0.23,0.79,1.54,1.97,0.81,5.74,4.29,1.14,7.68,6.5,,,,1.68,3.52,1.15,3.6,5.09,1.0,4.68,5.08,4.28,0.57,2.2,2.83,,,5.19,2.18,,5.4,1.43,,,,2.1,6.03
6/26/2018,6.56,1.07,0.0,24.25,5.27,0.61,3.14,1.69,3.38,1.58,0.25,0.72,1.67,1.82,0.83,5.65,4.77,1.02,9.85,5.07,,,,1.72,3.43,1.1,3.77,5.43,0.94,4.69,5.07,4.72,0.52,2.24,2.79,,,5.49,2.06,,5.4,1.43,,,,2.09,6.06
7/26/2018,6.24,1.13,0.0,29.66,4.95,0.65,2.93,1.81,3.17,1.69,0.24,0.74,1.68,1.81,0.76,6.17,4.4,1.11,11.51,4.34,,,,1.6,3.68,0.99,4.19,5.18,0.99,4.72,5.48,4.51,0.55,2.09,2.98,,,5.17,2.19,,5.45,1.42,,,,1.91,6.65
8/26/2018,6.16,1.14,0.0,30.38,5.4,0.62,2.98,1.78,3.14,1.7,0.25,0.73,1.77,1.55,0.8,5.81,4.2,1.11,12.71,3.93,,,,1.77,3.44,0.98,4.24,5.62,0.91,5.35,4.83,4.59,0.55,2.11,2.95,,,5.11,2.21,,5.59,1.38,,,,1.8,7.03
9/26/2018,6.15,1.15,0.0,33.58,4.9,0.68,3.22,1.65,3.1,1.72,0.24,0.76,1.84,1.49,0.87,5.39,3.48,1.21,12.89,3.87,,,,1.86,3.28,0.93,4.48,5.79,0.88,5.17,4.99,4.35,0.58,2.02,3.09,,,5.88,1.92,2.56,5.37,1.43,,,,1.87,6.78
10/26/2018,6.89,1.02,0.0,26.34,5.35,0.62,3.13,1.61,3.15,1.57,0.3,0.59,2.21,1.24,0.96,4.87,3.76,1.12,13.91,3.59,,,,1.96,3.12,1.07,3.89,6.54,0.78,5.23,4.94,4.56,0.56,2.5,2.49,,,6.4,1.77,2.61,5.84,1.31,,,,1.93,6.31
11/26/2018,6.29,1.12,0.0,23.09,5.57,0.6,2.78,1.81,3.18,1.55,0.32,0.57,2.15,1.28,0.95,4.89,3.77,1.11,12.1,4.12,,,,1.87,3.26,1.05,3.93,6.23,0.83,4.74,5.45,4.49,0.56,2.41,2.58,,,6.47,1.75,2.43,5.99,1.28,,,,1.85,6.54
12/26/2018,7.14,0.99,0.0,20.86,7.0,0.48,2.86,1.76,3.35,1.47,0.36,0.5,2.36,1.16,1.07,4.36,4.35,0.97,13.84,3.61,,,,1.99,3.06,1.13,3.67,7.3,0.71,4.75,5.44,4.98,0.51,2.63,2.33,,,7.11,1.59,2.58,6.39,1.19,,,,1.92,6.31
1/26/2019,6.5,1.08,0.0,22.59,6.15,0.51,2.69,1.97,3.11,2.69,0.32,0.6,1.93,1.28,1.36,4.8,3.94,1.01,10.76,5.78,,,,2.01,2.7,0.98,3.82,6.39,0.77,4.74,5.27,4.55,0.41,2.45,2.4,,,6.45,1.75,2.41,6.15,1.32,,,,1.82,6.32
2/26/2019,7.05,0.99,0.0,22.89,6.18,0.53,2.75,1.93,2.26,2.86,0.87,0.61,2.01,1.54,1.28,5.02,4.56,1.04,7.31,6.13,,,,1.82,3.14,0.89,4.21,5.99,0.82,4.37,5.74,5.0,0.42,2.43,2.57,,,7.2,1.92,2.4,5.78,1.4,,,,1.71,6.73
3/26/2019,7.56,0.93,0.0,23.38,6.77,0.48,2.99,1.97,2.27,2.84,1.0,0.53,2.07,1.49,1.27,5.09,4.74,1.0,7.1,6.31,,,,1.71,3.34,1.18,4.11,6.49,0.76,4.24,5.91,5.26,0.4,2.37,2.64,,,7.68,1.8,2.55,5.71,1.41,,,,1.64,7.03
4/26/2019,6.98,1.0,0.0,24.32,6.25,0.52,3.29,1.79,2.34,2.76,0.92,0.58,1.69,1.84,1.14,5.67,4.44,1.07,6.19,7.24,,,,1.66,3.44,1.13,4.31,6.01,0.82,4.39,5.71,4.92,0.42,2.35,2.66,,,6.59,2.1,2.37,5.66,1.41,,,,1.58,7.3
5/26/2019,7.6,0.92,0.0,24.56,6.97,0.47,3.43,1.72,2.37,2.73,1.26,0.42,1.84,1.69,1.23,5.23,4.99,0.95,7.97,5.62,,,,1.64,3.49,1.07,4.53,6.97,0.71,4.45,5.64,5.26,0.39,2.35,2.66,,,7.15,1.94,2.34,5.86,1.4,,,,1.57,7.35
6/26/2019,7.85,0.89,0.0,22.59,6.75,0.48,3.59,1.64,2.2,2.93,1.14,0.47,1.82,1.7,1.17,5.49,5.0,0.95,7.93,5.65,,,,1.62,3.51,1.0,4.86,6.8,0.72,4.34,5.78,5.42,0.39,2.25,2.8,,,7.15,1.94,2.26,5.67,1.44,,,,1.51,7.61
7/26/2019,7.73,0.9,0.0,24.26,6.4,0.51,3.41,1.73,2.08,3.1,1.18,0.45,1.33,2.12,1.01,6.39,5.03,0.94,6.01,7.45,,,,1.55,3.68,0.99,4.89,6.53,0.75,4.76,5.35,5.51,0.38,2.01,3.03,,,7.17,1.93,2.26,5.82,1.39,,,,1.47,7.86
8/26/2019,8.82,0.77,0.0,21.82,8.71,0.39,3.13,1.74,2.22,2.91,1.44,0.37,1.34,2.11,1.09,5.9,5.58,0.87,6.48,6.91,,,,1.75,3.36,1.32,3.67,8.02,0.61,4.55,5.75,6.58,0.34,2.05,2.98,,,8.14,1.7,2.3,6.68,1.22,,,,1.53,7.55
9/26/2019,8.81,0.77,0.0,20.99,7.95,0.42,2.85,1.91,2.23,2.9,1.41,0.38,1.2,2.35,0.93,6.94,5.41,0.9,5.77,7.76,,,,1.66,3.54,1.21,4.0,7.21,0.68,4.34,6.02,6.16,0.36,1.94,3.16,0.0,4.22,7.43,1.86,2.24,6.26,1.29,,,,1.49,7.72
10/26/2019,8.25,0.82,0.0,21.67,7.5,0.45,2.85,1.92,2.22,2.97,1.27,0.42,1.11,2.55,0.93,7.3,5.33,0.91,5.01,8.94,,,,1.79,3.28,1.14,4.25,6.55,0.75,4.32,6.05,5.84,0.38,2.14,2.85,0.0,3.86,6.74,2.06,2.27,6.21,1.3,,,,1.52,7.39
11/26/2019,8.9,0.76,0.0,23.45,7.36,0.46,2.73,1.86,2.11,2.78,1.12,0.47,1.5,2.82,0.89,7.56,5.37,0.91,4.92,9.1,,,,1.75,3.37,1.05,4.65,6.55,0.75,4.44,5.88,5.73,0.39,2.03,3.01,0.0,3.93,6.39,2.17,2.22,6.38,1.26,,,,1.51,7.44
12/26/2019,8.6,0.79,0.0,25.37,7.33,0.46,2.85,1.78,2.0,2.93,1.12,0.47,1.46,2.9,0.83,8.13,5.3,0.92,4.78,9.37,,,,1.72,3.42,1.01,4.79,6.29,0.78,4.73,5.52,5.84,0.38,1.93,3.16,0.0,4.11,6.16,2.25,2.17,6.35,1.26,,,,1.48,7.59
1/26/2020,8.87,0.78,0.0,20.5,7.79,0.35,2.9,1.99,2.09,3.06,1.27,0.47,1.21,3.43,0.81,7.53,5.18,0.93,4.26,8.45,,,,1.64,4.32,1.01,3.3,6.65,0.73,4.57,5.41,6.17,0.3,1.86,3.45,0.0,4.2,6.23,2.13,2.0,6.49,1.6,,,,1.41,9.1
2/26/2020,9.99,0.69,0.0,19.89,8.77,0.32,3.36,2.0,2.4,2.75,1.28,0.46,1.27,3.27,0.9,7.44,5.42,0.89,2.72,8.0,,,,1.72,4.2,1.06,3.16,7.41,0.65,5.19,4.76,6.28,0.32,2.1,3.06,0.0,4.23,6.77,1.96,2.32,7.9,1.31,,,,1.69,9.13
3/26/2020,16.4,0.42,0.0,19.16,12.35,0.22,3.76,1.79,3.16,2.09,2.05,0.29,1.7,2.44,0.96,6.93,7.81,0.62,3.61,6.03,,,,2.27,3.18,1.42,2.65,11.34,0.43,5.76,4.29,8.88,0.23,2.38,2.69,0.0,3.94,0.0,1.33,2.83,10.65,0.97,,,,1.91,8.07
4/26/2020,22.19,0.31,0.0,21.42,6.97,0.2,3.31,2.03,2.78,2.37,1.99,0.3,1.48,2.79,0.9,7.42,8.03,0.6,3.42,6.37,,,,1.38,3.24,1.16,3.23,0.0,0.33,6.34,3.9,9.1,0.22,2.14,3.0,0.0,2.99,0.0,1.33,2.77,10.53,0.98,,,,1.74,8.86
5/26/2020,19.74,0.35,0.0,27.55,6.19,0.22,3.41,1.97,2.56,2.49,0.0,0.31,1.41,2.94,0.82,8.17,7.37,0.66,2.86,7.61,,,,1.31,3.41,1.06,3.55,0.0,0.41,5.74,4.31,7.93,0.24,2.07,3.1,0.0,3.49,0.0,1.51,2.59,9.45,0.92,,,,1.76,8.77
6/26/2020,18.87,0.37,0.0,31.88,5.8,0.24,3.17,2.12,2.39,2.67,0.0,0.32,1.15,3.61,0.74,9.01,6.7,0.72,2.66,8.17,,,,1.24,3.59,1.08,3.48,0.0,0.43,5.36,4.61,7.35,0.26,2.04,3.15,0.0,3.54,0.0,1.57,2.64,9.57,0.9,,,,1.73,8.91
7/26/2020,18.2,0.38,0.0,33.63,5.66,0.24,3.04,2.21,2.32,2.75,0.0,0.36,1.08,3.84,0.74,8.97,6.34,0.76,2.71,8.05,,,,1.25,3.56,1.02,3.69,0.0,0.46,5.22,4.74,6.76,0.28,1.91,3.42,0.0,3.64,0.0,1.69,2.73,10.17,0.85,,,,1.75,8.81
8/26/2020,0.0,0.41,0.0,36.58,2.49,0.22,3.65,2.33,2.24,2.84,0.0,0.37,1.15,3.49,0.74,9.06,6.21,0.85,2.47,8.82,,,,1.32,3.38,0.98,3.83,0.0,0.5,5.61,4.44,7.08,0.28,2.0,3.26,0.0,3.88,0.0,1.79,2.62,8.82,0.78,,,,1.68,9.19
9/26/2020,0.0,0.33,0.0,39.64,2.92,0.19,3.76,2.26,2.27,2.81,0.0,0.37,1.25,3.22,0.78,8.55,7.01,0.76,2.78,7.83,,,,1.39,3.21,0.89,4.56,0.0,0.42,6.27,3.98,7.3,0.28,2.2,2.96,0.0,3.45,0.0,1.68,2.65,10.06,0.68,,,,1.61,9.57
10/26/2020,0.0,0.37,0.0,38.33,2.41,0.23,3.96,2.15,2.28,2.83,0.0,0.45,1.22,3.3,0.82,8.6,7.11,0.75,2.72,7.85,,,,1.29,3.48,0.88,4.64,0.0,0.46,5.26,4.74,7.12,0.29,2.06,3.17,0.0,3.59,0.0,1.85,2.84,10.63,0.65,,,,1.68,9.03
11/26/2020,0.0,0.47,0.0,39.19,1.93,0.29,4.07,2.09,2.22,2.9,0.0,0.55,1.05,3.85,0.71,9.94,6.15,0.86,2.38,8.99,,,,1.18,3.8,0.88,4.63,0.0,0.59,4.97,5.01,6.55,0.31,1.99,3.29,0.0,4.16,0.0,1.97,2.58,5.52,0.93,,,,1.95,8.96
12/26/2020,0.0,0.4,0.0,49.0,1.89,0.29,4.09,2.08,2.16,2.99,0.0,0.68,0.84,4.78,0.65,10.79,5.96,0.89,2.04,10.48,,,,1.16,3.86,0.85,4.78,0.0,0.57,5.0,4.98,6.29,0.32,1.93,3.38,0.0,3.97,0.0,2.14,2.5,5.61,0.91,,,3.44,1.98,8.8
1/26/2021,0.0,0.39,0.0,31.12,1.75,0.3,3.99,1.93,2.26,2.99,0.0,0.47,0.68,4.88,0.6,16.24,5.95,0.78,1.76,7.28,,,,1.19,2.91,0.84,4.17,0.0,0.55,4.83,4.01,6.38,0.36,1.8,2.98,0.0,4.43,0.0,1.98,2.37,5.26,0.97,,,3.29,1.96,7.67
2/26/2021,7.14,0.45,0.0,32.12,3.03,0.34,4.12,1.75,2.28,3.01,1.27,0.5,0.89,4.97,0.59,16.48,5.9,0.82,2.73,7.91,,,,0.86,2.71,1.0,3.98,1.33,0.65,4.8,4.17,6.1,0.38,1.89,2.84,0.0,4.35,5.85,2.08,2.75,3.29,1.04,,,3.95,2.07,7.27
3/26/2021,6.55,0.49,0.0,31.67,2.99,0.35,3.82,1.89,2.04,3.35,1.03,0.62,0.84,5.31,0.53,18.31,5.41,0.9,2.49,8.66,,,,0.8,2.9,0.85,4.71,1.18,0.73,4.48,4.46,5.65,0.41,1.77,3.03,0.0,4.19,5.42,2.25,2.53,3.24,1.05,,,3.59,1.87,8.05
4/26/2021,6.46,0.49,0.0,35.54,3.11,0.33,3.97,1.82,1.95,3.52,0.95,0.66,0.78,5.71,0.49,19.73,5.47,0.89,2.31,9.35,,,,0.73,3.18,0.83,4.81,1.14,0.76,4.58,4.37,5.57,0.42,1.75,3.06,0.0,5.14,5.29,2.3,2.41,3.49,0.98,,,3.62,1.89,8.37
5/26/2021,6.39,0.5,0.0,32.06,3.14,0.33,3.79,1.9,1.89,3.63,0.97,0.65,0.8,5.54,0.51,19.19,5.86,0.83,2.64,8.17,,,,0.71,3.27,0.76,5.24,1.08,0.8,4.68,4.27,5.72,0.39,1.82,2.94,0.0,4.73,5.19,2.35,2.47,3.46,0.99,,,3.42,1.8,8.78
6/26/2021,6.34,0.5,0.0,33.67,3.35,0.31,3.65,1.98,1.84,3.73,0.94,0.68,0.75,5.93,0.47,20.6,6.09,0.8,2.44,8.85,,,,0.68,3.42,0.75,5.28,1.07,0.81,4.95,4.04,5.77,0.39,2.0,2.69,0.0,4.57,5.02,2.42,2.37,3.17,1.08,,,3.43,1.69,9.36
7/26/2021,6.92,0.46,0.0,38.63,3.3,0.31,3.48,2.07,1.9,3.55,0.87,0.73,0.65,6.79,0.43,22.6,5.87,0.83,2.33,9.24,,,,0.7,3.31,0.71,5.61,1.1,0.79,4.83,4.14,5.57,0.4,2.18,2.48,0.0,4.07,4.86,2.5,2.23,3.36,1.02,,,3.6,1.53,10.36
8/26/2021,5.8,0.55,0.0,44.74,3.3,0.37,2.89,2.3,1.89,3.56,0.86,0.69,0.63,6.99,0.4,24.38,6.77,0.93,2.27,9.48,,,,1.06,3.06,0.62,6.41,5.14,0.84,4.88,4.16,5.39,0.43,2.23,2.42,0.0,5.05,5.2,2.34,2.2,3.7,1.03,,,3.59,1.47,10.78
9/26/2021,5.83,0.55,0.0,44.93,3.35,0.36,2.88,2.31,2.0,3.37,0.95,0.59,0.57,7.7,0.37,25.8,7.01,0.9,2.15,10.03,,,,1.09,3.0,0.61,6.57,5.04,0.86,4.77,4.26,5.35,0.43,2.19,2.47,0.0,5.0,5.6,2.17,2.18,3.46,1.1,0.0,20.94,3.65,1.5,10.36
10/26/2021,5.24,0.61,0.0,45.87,3.08,0.39,2.93,2.27,2.02,3.35,0.84,0.67,0.57,7.77,0.49,23.73,6.59,0.95,2.39,9.02,,,,1.04,3.12,0.53,7.48,4.55,0.96,4.9,4.14,5.16,0.45,2.06,2.62,0.0,5.49,5.16,2.36,2.1,2.95,1.3,1.59,22.43,3.65,1.56,9.98
11/26/2021,5.47,0.58,0.0,40.83,3.57,0.34,2.74,2.43,2.05,3.31,1.01,0.56,0.52,8.52,0.49,23.93,7.2,0.87,2.1,10.27,,,,1.05,3.09,0.51,7.74,4.96,0.88,5.05,4.02,5.5,0.42,2.59,2.09,0.0,5.08,5.71,2.13,2.06,3.79,1.13,1.57,22.78,3.63,1.58,10.82
12/26/2021,5.35,0.6,0.0,38.6,3.19,0.38,2.77,2.4,2.09,3.25,0.86,0.65,0.52,8.42,0.48,24.53,6.7,0.94,2.27,9.49,,,,1.0,3.26,0.53,7.57,4.91,0.88,4.84,4.19,5.05,0.46,2.68,2.02,0.0,5.16,5.54,2.2,1.99,3.58,1.19,1.64,21.72,3.64,1.55,11.01
1/26/2022,4.69,0.66,0.0,22.41,2.8,0.92,2.94,2.02,2.11,3.9,0.9,0.52,0.67,5.36,0.93,21.25,6.47,0.75,2.27,9.38,,,,1.0,2.88,0.67,5.2,4.56,1.03,4.68,4.46,4.88,0.98,2.92,1.94,0.0,5.04,5.64,2.15,2.1,3.04,1.41,1.83,16.88,3.7,1.79,9.98
2/26/2022,5.03,0.55,0.0,23.26,3.74,0.83,3.53,1.92,2.28,3.65,1.21,0.52,0.91,4.95,0.93,21.22,6.08,0.71,4.4,9.47,,,,1.34,2.73,1.15,4.82,5.44,0.89,4.49,4.71,5.38,0.89,2.76,2.05,0.0,3.88,3.54,2.32,2.19,2.92,2.72,2.09,14.79,3.89,1.77,10.09
3/26/2022,5.23,0.53,0.0,23.68,3.63,0.86,3.32,2.04,2.58,3.21,1.06,0.6,0.75,5.94,0.89,22.34,5.81,0.75,4.1,10.16,,,,1.42,2.58,1.06,5.21,6.62,0.73,4.34,4.87,5.61,0.88,3.14,1.81,0.0,3.43,3.77,2.17,2.14,2.75,2.87,1.71,18.07,4.27,1.64,10.88
4/26/2022,5.16,0.53,0.0,20.09,3.4,0.92,3.36,2.02,2.47,3.35,1.23,0.51,0.85,5.25,1.04,19.07,5.6,0.78,5.22,7.98,,,,1.31,2.8,1.09,5.07,6.66,0.73,4.11,5.14,5.4,0.92,3.44,1.65,0.0,3.46,4.26,1.92,2.07,2.77,2.83,1.77,17.44,4.02,1.65,10.83
5/26/2022,5.65,0.49,0.0,18.86,3.39,0.92,3.73,1.82,2.41,3.44,1.12,0.53,0.9,4.96,1.06,18.62,5.44,0.8,6.2,6.94,,,,1.35,2.7,1.19,4.65,6.13,0.79,4.01,5.27,5.37,0.9,3.59,1.58,0.0,3.69,4.26,1.93,2.22,3.08,3.15,1.95,15.82,4.17,1.73,10.34
6/26/2022,5.36,0.51,0.0,18.14,4.0,0.78,3.81,1.78,3.07,2.7,1.47,0.4,1.01,4.43,1.13,17.46,6.49,0.67,6.83,6.29,,,,1.39,2.62,1.26,4.38,6.34,0.77,4.03,5.24,5.83,0.83,4.12,1.4,0.0,4.31,4.62,1.77,2.31,3.57,2.68,2.0,15.43,3.93,1.74,10.26
7/26/2022,6.3,0.44,0.0,20.05,4.15,0.75,3.6,1.89,3.11,2.67,1.46,0.41,0.92,4.86,1.16,18.54,6.14,0.71,6.93,6.2,,,,1.3,2.82,1.11,4.99,6.7,0.7,4.14,5.1,5.61,0.86,4.05,1.41,0.21,5.41,4.67,1.75,2.12,3.5,2.73,1.87,16.47,3.57,1.52,11.71
8/26/2022,9.78,0.43,0.0,20.57,4.45,0.83,3.56,1.97,3.1,2.67,1.41,0.42,0.86,5.18,1.14,18.78,6.12,0.75,6.68,6.44,,,0.67,1.59,2.7,1.1,5.0,8.45,0.66,4.37,4.94,6.39,0.78,5.01,1.14,0.22,5.28,4.72,1.74,2.26,3.33,3.0,2.16,15.73,3.69,1.51,11.8
9/26/2022,9.79,0.43,0.0,16.22,4.66,0.79,3.68,1.9,3.48,2.38,1.58,0.37,1.01,4.42,1.33,16.11,6.31,0.72,7.48,5.75,,,0.66,1.63,2.63,1.34,4.11,8.03,0.69,4.88,4.42,6.43,0.77,5.25,1.09,0.25,4.35,4.72,1.74,2.49,3.71,2.65,2.36,14.39,3.76,1.6,10.93
10/26/2022,9.46,0.44,0.0,18.88,4.57,0.8,3.49,2.01,3.13,2.65,1.42,0.42,0.97,4.6,1.31,17.68,6.07,0.75,6.32,6.8,,,0.64,1.75,2.46,1.23,4.5,7.45,0.75,5.14,4.2,6.06,0.82,6.43,0.89,0.32,3.42,4.41,1.86,2.28,3.44,2.84,2.1,16.19,3.83,1.47,11.92
11/26/2022,7.61,0.55,0.0,19.19,4.25,0.86,3.48,2.01,2.83,2.94,1.3,0.46,0.98,4.56,1.12,20.68,5.87,0.86,5.43,7.92,,,0.57,1.64,2.63,1.12,4.93,6.34,0.87,4.77,4.52,6.23,0.8,6.01,0.95,0.24,4.57,3.84,2.14,2.26,3.42,2.91,1.96,17.28,3.52,1.49,11.74
12/26/2022,7.04,0.6,0.0,16.7,4.09,0.9,3.53,1.79,3.12,2.66,1.32,0.45,1.04,4.33,1.25,18.62,5.66,0.89,5.84,7.36,,,0.63,1.64,2.63,1.18,4.67,6.39,0.86,4.71,4.48,6.23,0.76,6.04,0.94,0.22,4.99,3.8,2.16,2.34,3.48,2.84,1.97,17.23,3.52,1.58,11.1
1/26/2023,6.12,0.64,0.0,13.25,3.94,1.42,3.66,1.8,2.9,2.76,1.13,0.52,0.79,4.82,0.96,15.4,5.97,0.72,5.0,12.82,,,0.59,1.6,2.62,1.11,4.83,5.65,0.95,4.57,4.78,6.47,0.49,5.49,1.14,0.18,6.12,3.72,2.3,2.26,3.53,2.79,1.88,14.33,3.66,1.59,14.51
2/26/2023,6.09,0.69,0.0,13.04,4.77,1.35,3.51,2.02,2.89,2.77,1.27,0.5,0.79,4.81,1.03,14.4,6.44,0.7,4.02,13.65,,,0.56,1.78,2.79,1.65,4.74,4.96,0.94,4.44,5.06,7.32,0.47,5.47,1.15,0.21,5.24,4.97,2.24,2.14,3.52,2.94,1.97,13.66,3.52,1.64,16.29
3/26/2023,6.89,0.61,0.0,13.91,6.0,1.07,3.46,2.05,2.98,2.62,1.36,0.47,0.75,5.1,1.0,14.89,7.45,0.61,3.75,14.62,,,0.59,1.77,2.81,1.66,4.72,6.18,0.75,4.45,5.05,8.68,0.4,5.74,1.09,0.2,5.55,5.06,2.21,2.09,3.95,2.59,2.24,13.97,3.5,1.6,16.67
4/26/2023,6.83,0.61,0.0,14.03,5.68,1.13,3.35,2.07,2.66,2.94,1.39,0.46,0.78,4.88,1.07,13.84,6.82,0.66,3.48,15.77,0.0,0.78,0.6,1.66,2.99,1.72,4.56,5.71,0.79,4.39,5.13,8.29,0.42,4.46,1.41,0.21,7.57,5.87,1.9,2.03,3.59,2.84,2.43,12.92,3.38,1.51,17.6
5/26/2023,6.85,0.61,0.0,15.04,5.3,1.21,3.45,2.01,2.74,2.85,1.46,0.42,0.62,6.22,0.87,16.96,6.67,0.68,2.79,19.68,0.0,1.28,0.56,1.74,2.86,1.66,4.71,5.28,0.86,4.41,5.1,8.01,0.43,4.47,1.41,0.22,7.31,6.07,1.84,2.14,3.76,2.78,2.72,11.53,3.59,1.68,15.83
6/26/2023,7.15,0.59,0.0,15.16,5.11,1.26,3.47,2.0,2.78,2.81,1.43,0.43,0.66,5.79,0.92,16.1,6.79,0.66,2.92,18.82,0.0,1.08,0.56,1.84,2.7,1.86,4.22,5.41,0.84,4.46,5.04,8.37,0.41,4.31,1.46,0.22,7.14,6.1,1.83,2.03,3.73,2.79,2.64,11.87,3.64,1.56,17.04
7/26/2023,6.5,0.65,0.0,15.2,4.69,1.37,3.34,2.07,2.57,3.05,1.38,0.45,0.64,6.02,0.95,15.36,6.57,0.98,2.78,19.72,0.0,1.17,0.53,1.76,2.82,1.75,4.46,4.89,0.93,4.47,5.17,8.0,0.43,4.32,1.45,0.1,7.14,5.54,2.01,2.06,3.63,2.84,2.34,13.41,3.52,1.61,16.54
8/26/2023,9.78,0.56,0.0,7.53,5.48,1.28,3.59,1.98,2.69,2.91,1.47,0.42,0.59,6.48,0.99,14.78,6.58,0.97,2.77,19.83,0.0,0.98,0.55,2.14,2.57,1.92,4.09,6.24,0.93,4.62,5.0,8.17,0.42,3.99,1.57,0.11,6.52,5.32,2.1,2.21,3.85,2.81,2.23,14.05,3.71,1.74,16.12
9/26/2023,9.84,0.49,0.0,6.39,5.56,1.26,3.75,1.9,2.88,2.72,1.54,0.4,0.67,5.73,1.08,13.49,6.9,0.96,3.24,16.91,0.0,0.91,0.53,2.27,2.43,2.01,3.9,6.61,0.88,4.68,4.83,8.03,0.43,4.18,1.5,0.12,4.13,5.58,2.0,2.06,3.57,3.02,2.15,14.6,3.73,1.67,16.15
10/26/2023,10.24,0.25,0.0,6.59,5.72,1.22,3.87,1.82,3.16,2.47,1.69,0.37,0.65,5.93,1.06,13.94,7.99,0.83,2.86,19.21,0.0,0.91,0.54,2.28,2.42,2.14,3.65,6.87,0.84,4.61,4.9,9.71,0.36,4.68,1.34,0.12,3.9,5.78,1.93,2.0,3.45,3.1,2.03,15.45,3.85,1.59,16.94
11/26/2023,10.27,0.25,0.0,10.57,5.25,1.33,4.02,1.75,2.85,2.74,1.7,0.39,0.54,7.04,0.94,15.73,7.5,0.88,2.31,23.74,0.0,1.06,0.5,2.29,2.41,1.72,4.55,6.46,0.9,4.63,4.88,9.08,0.38,4.15,1.51,0.11,4.57,5.22,2.14,1.86,3.79,2.98,2.1,14.91,3.94,1.51,17.92
12/26/2023,9.59,0.28,0.0,11.5,4.97,1.41,4.13,1.7,2.65,2.95,1.46,0.46,0.53,7.26,0.87,17.0,6.58,1.0,2.07,26.53,0.0,1.06,0.48,2.09,2.64,1.52,5.14,6.04,0.96,4.71,4.8,8.21,0.43,3.87,1.6,0.13,3.84,4.99,2.24,1.83,3.85,2.92,1.99,15.75,3.95,1.47,18.36
1/26/2024,9.28,0.28,0.0,8.51,4.69,1.37,4.16,1.6,2.77,2.67,1.5,0.46,0.48,6.91,0.75,17.24,6.46,0.98,2.0,23.12,0.0,1.13,0.51,2.09,2.7,1.67,3.64,6.26,0.91,4.64,4.92,7.68,0.46,3.87,1.6,0.11,4.24,5.4,2.31,1.7,4.0,2.8,1.84,11.17,3.86,1.38,22.19
2/26/2024,10.32,0.3,0.0,10.68,4.83,1.34,4.0,1.7,2.97,2.48,1.82,0.43,0.43,7.61,0.69,18.81,6.54,0.97,1.32,26.45,0.96,1.15,0.44,1.99,2.56,1.67,3.65,8.78,0.88,4.47,5.21,7.77,0.45,4.37,1.42,0.12,4.18,6.98,2.23,1.68,4.09,2.82,1.89,10.88,3.72,1.41,23.69
3/26/2024,9.84,0.33,0.0,11.27,5.31,1.4,4.01,1.69,2.87,2.57,1.7,0.45,0.47,7.65,0.66,19.47,6.5,1.0,1.46,23.89,0.88,1.25,0.43,1.95,2.61,1.37,4.2,7.41,1.04,4.39,5.31,7.58,0.51,4.38,1.41,0.11,4.24,6.88,2.26,1.73,3.84,3.0,1.9,10.83,3.76,1.44,23.23
4/26/2024,9.93,0.33,0.0,8.65,5.15,1.44,3.93,1.71,3.15,2.34,1.8,0.43,0.44,8.23,0.69,18.57,6.24,1.05,1.65,21.11,0.89,1.24,0.45,1.89,2.69,1.58,3.65,7.42,0.98,4.38,5.32,7.42,0.52,4.12,1.5,0.1,4.59,7.65,2.03,1.77,3.51,3.26,1.85,11.14,3.6,1.46,22.99
5/26/2024,9.75,0.33,0.0,8.92,4.81,1.55,3.79,1.77,3.07,2.41,1.8,0.43,0.41,8.81,0.68,19.04,6.05,1.08,1.53,22.73,0.88,1.25,0.44,1.83,2.78,1.59,3.62,6.76,1.07,4.36,5.35,7.1,0.54,3.26,1.96,0.09,5.05,7.1,2.19,1.66,3.8,3.11,1.77,11.65,3.4,1.38,24.33
6/26/2024,9.88,0.34,0.0,8.31,5.09,1.46,3.95,1.7,3.43,2.15,2.0,0.38,0.39,9.19,0.63,20.47,6.47,1.01,1.4,24.92,0.88,1.25,0.46,1.85,2.75,1.71,3.37,6.98,1.04,4.23,5.52,7.44,0.52,3.38,1.88,0.29,4.93,8.36,1.86,1.62,3.76,3.13,1.81,11.41,3.29,1.36,24.69
7/26/2024,9.19,0.36,0.0,7.95,5.11,1.35,3.69,1.8,3.49,2.12,2.06,0.37,0.45,7.99,0.75,17.74,6.27,1.04,1.75,19.9,0.84,1.31,0.49,1.91,2.67,1.71,3.38,6.5,1.12,4.57,5.65,6.98,0.55,3.43,1.86,0.32,4.45,7.84,1.98,1.66,3.76,3.11,2.39,8.62,3.06,1.33,25.11
8/26/2024,9.68,0.34,0.0,9.65,5.9,1.25,3.66,1.84,3.51,2.11,2.04,0.38,0.46,7.81,0.77,17.24,6.47,1.04,1.81,19.28,0.78,1.41,0.46,2.15,2.37,1.57,3.66,7.92,1.05,4.55,5.67,7.63,0.53,3.02,2.11,0.3,4.63,8.18,1.9,1.71,3.82,3.06,2.19,9.43,3.01,1.45,24.3
9/26/2024,9.05,0.36,0.0,10.21,5.54,1.33,3.6,1.87,3.19,2.32,1.84,0.42,0.47,7.66,0.81,16.43,6.73,1.0,1.91,18.24,0.78,1.4,0.47,2.19,2.32,1.45,3.97,7.63,1.09,4.5,5.65,7.53,0.54,2.88,2.21,0.26,5.45,8.18,1.9,1.65,4.26,2.73,2.17,9.5,2.94,1.41,23.98
10/26/2024,9.78,0.35,0.0,10.41,5.43,1.36,3.61,1.85,3.33,2.22,1.92,0.4,0.53,6.87,0.94,14.36,6.74,1.0,2.04,17.1,0.81,1.35,0.46,2.17,2.34,1.5,3.86,8.08,1.03,4.42,5.75,7.3,0.55,2.76,2.31,0.25,5.57,8.19,1.9,1.62,4.04,2.87,2.16,9.54,3.0,1.38,24.5
11/26/2024,10.21,0.33,0.0,10.3,5.43,1.36,3.41,1.96,3.6,2.05,1.86,0.41,0.55,6.64,0.97,13.84,6.65,1.01,1.94,17.95,0.89,1.24,0.49,2.48,2.05,1.61,3.72,8.78,0.93,4.56,5.57,7.65,0.53,3.16,2.02,0.26,5.33,8.66,1.79,1.6,4.11,2.84,2.27,9.09,3.14,1.39,24.29
12/26/2024,10.18,0.33,0.0,10.68,5.71,1.27,3.55,1.86,3.52,2.1,1.92,0.4,0.48,7.5,0.91,14.89,6.65,1.01,1.59,21.85,0.95,1.16,0.52,2.53,2.01,1.58,3.78,8.54,0.95,4.73,5.37,8.07,0.5,3.32,1.92,0.26,5.45,8.86,1.75,1.64,4.29,2.71,2.08,9.93,3.21,1.37,24.62
1/26/2025,9.29,0.38,0.0,11.31,5.12,1.41,3.32,1.99,3.27,2.26,1.8,0.43,0.45,8.02,0.89,14.94,6.36,1.06,1.58,22.0,0.96,1.15,0.51,2.61,1.95,1.54,3.87,7.91,1.0,4.71,5.39,7.83,0.52,3.18,2.0,0.28,4.97,8.45,1.84,1.52,4.05,2.85,2.11,9.79,3.27,1.29,26.14
2/26/2025,7.32,0.44,0.0,12.85,5.76,1.37,3.41,2.04,3.27,2.26,1.53,0.5,0.49,7.31,0.88,15.23,6.11,1.15,1.9,18.57,2.41,1.22,0.49,2.26,2.42,1.55,3.86,7.2,1.06,4.67,5.58,7.05,0.59,3.3,2.01,0.23,6.07,4.05,1.75,1.65,3.99,2.91,1.86,11.11,3.32,1.52,23.72
3/26/2025,6.6,0.51,0.0,10.96,5.57,1.42,3.41,2.04,3.36,2.2,1.48,0.52,0.61,5.95,0.96,14.01,5.75,1.22,2.08,16.98,2.77,1.07,0.51,2.49,2.2,1.69,3.39,6.52,1.17,4.45,5.85,6.6,0.63,3.62,1.84,0.23,5.86,3.92,1.81,1.63,3.78,3.06,2.04,10.31,3.31,1.62,22.22
4/26/2025,7.52,0.44,0.0,10.91,6.14,1.29,3.28,2.11,3.51,2.1,1.86,0.47,0.64,5.63,1.07,12.55,5.77,1.22,2.25,15.71,2.69,1.1,0.56,2.42,2.26,1.79,3.2,7.24,1.06,4.33,6.01,6.5,0.64,3.85,1.73,0.25,5.47,4.6,1.54,1.61,4.43,2.59,2.1,10.04,3.24,1.52,23.59
5/26/2025,6.03,0.55,0.0,11.95,5.65,1.4,3.1,2.23,3.31,2.23,1.75,0.49,0.58,6.3,0.96,13.94,5.55,1.27,2.03,17.4,2.51,1.17,0.54,2.41,2.27,1.78,3.23,6.48,1.18,4.08,6.37,6.42,0.64,4.16,1.6,0.22,6.09,4.37,1.62,1.55,4.39,2.61,1.83,11.49,3.19,1.44,25.02
