"Date","Price","Open","High","Low","Vol.","Change %"
"01/03/2021","21.09","21.09","21.09","21.09","","0.00%"
"12/27/2020","21.09","19.90","21.72","19.90","","6.02%"
"12/20/2020","19.90","22.53","27.73","19.87","","-0.43%"
"12/13/2020","19.98","20.01","22.24","18.81","","-10.00%"
"12/06/2020","22.20","19.96","23.59","18.73","","12.39%"
"11/29/2020","19.75","19.67","21.37","19.43","","5.46%"
"11/22/2020","18.73","19.71","20.64","18.06","","-4.67%"
"11/15/2020","19.65","21.78","22.82","19.02","","-8.86%"
"11/08/2020","21.56","23.39","24.77","19.57","","-11.74%"
"11/01/2020","24.43","33.16","33.76","24.22","","-25.89%"
"10/25/2020","32.96","29.29","37.08","28.34","","22.62%"
"10/18/2020","26.88","23.87","28.91","23.80","","11.59%"
"10/11/2020","24.09","21.13","28.05","20.19","","16.37%"
"10/04/2020","20.70","25.73","26.66","18.64","","-20.18%"
"09/27/2020","25.94","26.12","27.38","24.88","","-4.17%"
"09/20/2020","27.07","25.02","29.14","24.89","","20.28%"
"09/13/2020","22.50","22.59","24.36","20.95","","-2.08%"
"09/06/2020","22.98","27.92","30.50","22.77","","-23.60%"
"08/30/2020","30.08","23.20","31.71","23.00","","25.28%"
"08/23/2020","24.01","22.23","24.46","20.99","","2.51%"
"08/16/2020","23.42","23.48","25.30","21.40","","0.63%"
"08/09/2020","23.27","23.85","25.34","21.28","","-0.45%"
"08/02/2020","23.38","27.02","27.52","22.67","","-10.83%"
"07/26/2020","26.22","24.84","29.55","23.67","","5.28%"
"07/19/2020","24.90","24.41","26.20","20.35","","6.51%"
"07/12/2020","23.38","24.97","28.88","23.36","","-7.30%"
"07/05/2020","25.22","25.84","52.73","12.25","","-5.87%"
"06/28/2020","26.79","33.85","34.25","25.56","","-17.58%"
"06/21/2020","32.51","30.79","36.95","0.00","","9.80%"
"06/14/2020","29.61","42.52","43.06","29.22","","-25.84%"
"06/07/2020","39.93","26.16","41.74","25.58","","45.44%"
"05/31/2020","27.45","29.92","31.54","25.72","","-9.44%"
"05/24/2020","30.32","31.42","32.00","27.02","","-2.71%"
"05/17/2020","31.16","31.56","34.28","28.82","","-11.93%"
"05/10/2020","35.38","29.71","41.44","28.40","","13.52%"
"05/03/2020","31.17","38.61","41.83","29.77","","-10.42%"
"04/26/2020","34.79","41.44","41.44","31.24","","-16.04%"
"04/19/2020","41.44","44.13","50.11","40.66","","-5.23%"
"04/12/2020","43.72","47.06","48.56","42.16","","-9.70%"
"04/05/2020","48.42","44.22","52.02","42.16","","-4.35%"
"03/29/2020","50.62","68.60","73.37","49.58","","-28.60%"
"03/22/2020","70.90","76.97","81.56","56.90","","-3.13%"
"03/15/2020","73.19","94.09","105.48","55.36","","-10.84%"
"03/08/2020","82.09","174.43","174.43","14.60","","93.33%"
"03/01/2020","42.46","35.60","45.23","28.42","","3.31%"
"02/23/2020","41.10","19.39","46.23","19.39","","160.79%"
"02/16/2020","15.76","13.43","16.12","13.00","","21.04%"
"02/09/2020","13.02","13.92","14.44","12.49","","-1.96%"
"02/02/2020","13.28","16.46","16.88","12.81","","-19.95%"
"01/26/2020","16.59","14.10","17.05","13.90","","40.83%"
"01/19/2020","11.78","11.20","12.76","10.84","","10.51%"
"01/12/2020","10.66","11.36","12.39","10.22","","-0.47%"
"01/05/2020","10.71","14.10","15.26","10.10","","-18.06%"
"12/29/2019","13.07","12.22","13.84","12.02","","12.09%"
"12/22/2019","11.66","11.28","11.97","11.06","","8.47%"
"12/15/2019","10.75","11.29","11.81","10.60","","-8.20%"
"12/08/2019","11.71","13.39","51.91","10.99","","-11.29%"
"12/01/2019","13.20","12.12","16.55","7.93","","9.18%"
"11/24/2019","12.09","11.95","1,146.48","10.86","","1.26%"
"11/17/2019","11.94","11.16","13.02","10.95","","10.66%"
"11/10/2019","10.79","11.68","12.35","10.71","","-3.49%"
"11/03/2019","11.18","11.48","12.29","10.44","","-2.61%"
"10/27/2019","11.48","11.84","95.17","11.42","","0.53%"
"10/20/2019","11.42","13.91","14.27","11.34","","-16.82%"
"10/13/2019","13.73","13.95","15.12","11.08","","-1.08%"
"10/06/2019","13.88","17.36","115.89","13.76","","-18.74%"
"09/29/2019","17.08","15.27","60.61","13.24","","18.78%"
"09/22/2019","14.38","13.40","16.57","13.25","","13.05%"
"09/15/2019","12.72","13.33","14.55","12.46","","5.30%"
"09/08/2019","12.08","13.57","14.63","10.97","","-9.78%"
"09/01/2019","13.39","16.17","17.30","13.35","","-16.21%"
"08/25/2019","15.98","19.08","19.72","14.22","","-9.97%"
"08/18/2019","17.75","17.25","17.91","13.46","","-3.95%"
"08/11/2019","18.48","16.54","24.80","12.81","","4.58%"
"08/04/2019","17.67","17.81","20.57","12.11","","5.12%"
"07/28/2019","16.81","12.06","17.63","11.53","","46.05%"
"07/21/2019","11.51","12.44","12.76","10.77","","-4.56%"
"07/14/2019","12.06","11.70","12.63","10.72","","3.97%"
"07/07/2019","11.60","12.36","12.81","11.18","","-1.36%"
"06/30/2019","11.76","11.47","12.11","10.76","","-7.84%"
"06/23/2019","12.76","12.33","13.73","11.93","","4.08%"
"06/16/2019","12.26","12.89","13.29","11.17","","-2.54%"
"06/09/2019","12.58","13.78","13.87","12.42","","-6.81%"
"06/02/2019","13.50","16.86","17.31","13.28","","-14.61%"
"05/26/2019","15.81","14.98","17.03","14.25","","5.54%"
"05/19/2019","14.98","13.07","16.25","13.07","","14.61%"
"05/12/2019","13.07","16.13","18.31","12.87","","-20.69%"
"05/05/2019","16.48","14.47","19.16","13.03","","35.97%"
"04/28/2019","12.12","12.03","12.78","11.70","","3.50%"
"04/21/2019","11.71","11.36","12.67","11.05","","11.74%"
"04/14/2019","10.48","11.10","11.22","10.23","","-1.87%"
"04/07/2019","10.68","12.85","13.51","10.64","","-13.17%"
"03/31/2019","12.30","13.59","14.01","11.85","","-10.42%"
"03/24/2019","13.73","16.65","16.76","13.59","","-12.83%"
"03/17/2019","15.75","12.72","15.81","11.96","","31.14%"
"03/10/2019","12.01","13.15","13.59","11.82","","-7.90%"
"03/03/2019","13.04","12.93","13.79","9.25","","2.68%"
"02/24/2019","12.70","12.72","126.58","12.42","","-0.31%"
"02/17/2019","12.74","13.59","33.85","8.34","","-4.14%"
"02/10/2019","13.29","14.70","26.68","12.87","","-13.14%"
"02/03/2019","15.30","13.53","16.06","12.48","","15.12%"
"01/27/2019","13.29","15.00","15.76","13.27","","-7.64%"
"01/20/2019","14.39","14.66","16.55","14.31","","1.34%"
"01/13/2019","14.20","17.76","18.48","14.06","","-15.48%"
"01/06/2019","16.80","19.22","19.96","16.78","","-11.63%"
"12/30/2018","19.01","22.12","23.23","17.47","","-14.29%"
"12/23/2018","22.18","20.42","24.92","19.95","","16.00%"
"12/16/2018","19.12","18.17","21.39","17.53","","9.19%"
"12/09/2018","17.51","20.66","22.05","17.12","","-11.48%"
"12/02/2018","19.78","14.90","29.06","13.17","","19.01%"
"11/25/2018","16.62","16.94","17.65","16.22","","-4.76%"
"11/18/2018","17.45","15.65","18.88","15.32","","9.82%"
"11/11/2018","15.89","14.26","19.02","14.12","","11.67%"
"11/04/2018","14.23","17.09","17.20","13.53","","-14.99%"
"10/28/2018","16.74","20.45","21.02","15.52","","-20.40%"
"10/21/2018","21.03","16.49","22.91","16.07","","28.55%"
"10/14/2018","16.36","17.89","18.50","14.15","","-8.76%"
"10/07/2018","17.93","14.81","19.33","14.38","","27.07%"
"09/30/2018","14.11","12.71","14.33","11.88","","13.33%"
"09/23/2018","12.45","12.02","13.82","11.41","","9.11%"
"09/16/2018","11.41","12.91","13.41","11.35","","-7.16%"
"09/09/2018","12.29","15.07","15.09","9.81","","-17.79%"
"09/02/2018","14.95","13.44","15.75","12.81","","13.77%"
"08/26/2018","13.14","11.57","13.35","11.13","","14.76%"
"08/19/2018","11.45","13.31","13.32","11.33","","-14.42%"
"08/12/2018","13.38","13.88","16.41","12.40","","8.34%"
"08/05/2018","12.35","11.83","14.13","9.75","","5.74%"
"07/29/2018","11.68","11.49","13.28","11.15","","8.75%"
"07/22/2018","10.74","12.90","13.13","10.58","","-10.57%"
"07/15/2018","12.01","11.61","13.65","10.82","","5.07%"
"07/08/2018","11.43","12.87","13.21","11.13","","-12.21%"
"07/01/2018","13.02","16.18","16.47","12.99","","-8.57%"
"06/24/2018","14.24","13.30","17.06","12.44","","16.43%"
"06/17/2018","12.23","11.89","14.70","11.89","","11.79%"
"06/10/2018","10.94","12.00","12.87","10.09","","-9.74%"
"06/03/2018","12.12","12.79","13.40","11.22","","-8.60%"
"05/27/2018","13.26","13.30","17.88","12.99","","-1.19%"
"05/20/2018","13.42","11.87","14.94","11.31","","13.63%"
"05/13/2018","11.81","11.04","12.81","10.47","","11.00%"
"05/06/2018","10.64","11.57","12.07","10.32","","-6.17%"
"04/29/2018","11.34","12.34","93.03","11.34","","-4.71%"
"04/22/2018","11.90","12.19","13.96","11.42","","3.84%"
"04/15/2018","11.46","12.90","12.96","11.02","","-11.16%"
"04/08/2018","12.90","15.02","15.57","12.79","","-13.77%"
"04/01/2018","14.96","16.49","18.20","14.05","","0.00%"
"03/25/2018","14.96","17.60","19.32","14.69","","-15.38%"
"03/18/2018","17.68","12.38","20.05","12.26","","51.50%"
"03/11/2018","11.67","12.69","14.67","11.44","","-8.25%"
"03/04/2018","12.72","18.71","19.60","5.58","","-35.85%"
"02/25/2018","19.83","14.60","21.37","13.85","","32.46%"
"02/18/2018","14.97","15.10","17.17","14.78","","1.56%"
"02/11/2018","14.74","30.23","30.23","14.63","","-52.77%"
"02/04/2018","31.21","15.67","134.71","14.77","","115.24%"
"01/28/2018","14.50","11.13","14.66","11.13","","36.53%"
"01/21/2018","10.62","10.54","11.19","10.12","","6.20%"
"01/14/2018","10.00","9.71","10.41","9.23","","8.81%"
"01/07/2018","9.19","10.14","10.51","8.97","","-6.89%"
"12/31/2017","9.87","12.69","12.97","9.82","","-18.29%"
"12/24/2017","12.08","11.19","12.35","10.88","","14.83%"
"12/17/2017","10.52","10.45","11.88","9.01","","3.44%"
"12/10/2017","10.17","10.95","11.93","9.97","","-2.31%"
"12/03/2017","10.41","12.17","12.73","10.22","","-25.85%"
"11/26/2017","14.04","78.46","78.46","11.05","","24.47%"
"11/19/2017","11.28","13.33","13.33","10.72","","-11.94%"
"11/12/2017","12.81","12.66","14.60","12.01","","1.26%"
"11/05/2017","12.65","10.90","13.01","10.43","","20.71%"
"10/29/2017","10.48","11.40","11.52","10.47","","-4.12%"
"10/22/2017","10.93","11.00","12.87","10.54","","3.80%"
"10/15/2017","10.53","10.26","11.35","10.02","","8.11%"
"10/08/2017","9.74","10.70","11.55","9.66","","-7.85%"
"10/01/2017","10.57","10.67","11.08","10.23","","0.19%"
"09/24/2017","10.55","10.65","10.94","10.26","","3.94%"
"09/17/2017","10.15","10.41","10.56","9.49","","2.01%"
"09/10/2017","9.95","11.27","11.32","9.71","","-14.00%"
"09/03/2017","11.57","13.69","14.24","11.06","","-4.62%"
"08/27/2017","12.13","13.34","15.60","11.97","","-3.27%"
"08/20/2017","12.54","14.72","15.19","12.19","","-10.49%"
"08/13/2017","14.01","14.35","15.08","11.51","","-10.99%"
"08/06/2017","15.74","11.40","19.27","10.66","","43.48%"
"07/30/2017","10.97","12.05","12.39","10.97","","-7.74%"
"07/23/2017","11.89","13.26","13.35","10.75","","-6.67%"
"07/16/2017","12.74","11.04","13.10","10.50","","19.62%"
"07/09/2017","10.65","13.37","13.58","10.62","","-20.52%"
"07/02/2017","13.40","14.74","14.89","12.81","","-11.67%"
"06/25/2017","15.17","11.79","16.04","11.48","","26.42%"
"06/18/2017","12.00","10.60","13.79","10.45","","5.91%"
"06/11/2017","11.33","11.20","16.48","9.67","","9.89%"
"06/04/2017","10.31","11.14","12.10","9.83","","-4.18%"
"05/28/2017","10.76","11.97","12.52","10.62","","-5.94%"
"05/21/2017","11.44","12.66","13.13","11.20","","-9.57%"
"05/14/2017","12.65","11.79","16.10","11.19","","8.96%"
"05/07/2017","11.61","12.76","12.87","11.41","","-14.76%"
"04/30/2017","13.62","13.41","13.82","12.78","","4.21%"
"04/23/2017","13.07","13.98","15.02","12.19","","-27.43%"
"04/16/2017","18.01","18.80","20.11","17.41","","-2.65%"
"04/09/2017","18.50","16.23","18.82","16.12","","19.43%"
"04/02/2017","15.49","14.32","15.91","14.26","","13.81%"
"03/26/2017","13.61","14.85","14.98","13.39","","2.10%"
"03/19/2017","13.33","11.58","13.76","11.13","","31.46%"
"03/12/2017","10.14","10.02","12.21","10.02","","1.60%"
"03/05/2017","9.98","14.37","14.66","8.87","","-27.68%"
"02/26/2017","13.80","14.64","15.17","13.61","","-4.30%"
"02/19/2017","14.42","13.85","15.75","13.02","","6.11%"
"02/12/2017","13.59","13.63","14.64","13.11","","1.65%"
"02/05/2017","13.37","14.31","16.05","13.31","","-2.48%"
"01/29/2017","13.71","14.85","15.97","13.68","","-3.04%"
"01/22/2017","14.14","14.81","15.77","13.99","","4.35%"
"01/15/2017","13.55","14.42","15.26","13.44","","3.51%"
"01/08/2017","13.09","14.73","15.01","13.09","","-7.36%"
"01/01/2017","14.13","17.40","17.46","14.07","","-14.73%"
"12/25/2016","16.57","14.86","16.69","14.86","","20.07%"
"12/18/2016","13.80","14.20","14.20","13.21","","3.53%"
"12/11/2016","13.33","14.68","15.21","13.20","","-3.68%"
"12/04/2016","13.84","19.34","19.34","13.11","","-30.80%"
"11/27/2016","20.00","18.97","21.26","18.58","","10.38%"
"11/20/2016","18.12","18.70","19.59","17.76","","-1.25%"
"11/13/2016","18.35","19.67","20.91","17.93","","-9.11%"
"11/06/2016","20.19","22.35","109.90","17.72","","-15.31%"
"10/30/2016","23.84","18.73","24.63","17.77","","31.64%"
"10/23/2016","18.11","15.83","19.17","15.74","","16.91%"
"10/16/2016","15.49","18.25","18.76","15.47","","-8.51%"
"10/09/2016","16.93","18.44","19.16","15.31","","-5.47%"
"10/02/2016","17.91","18.12","18.66","16.75","","3.59%"
"09/25/2016","17.29","16.07","20.87","15.43","","19.16%"
"09/18/2016","14.51","18.19","18.27","14.51","","-20.23%"
"09/11/2016","18.19","17.38","19.17","17.01","","21.11%"
"09/04/2016","15.02","16.17","16.43","12.88","","-3.59%"
"08/28/2016","15.58","18.08","18.45","15.56","","-7.97%"
"08/21/2016","16.93","18.74","19.16","16.89","","-6.77%"
"08/14/2016","18.16","16.51","18.81","16.06","","15.08%"
"08/07/2016","15.78","17.47","17.48","15.78","","-6.96%"
"07/31/2016","16.96","17.71","21.06","16.26","","-4.23%"
"07/24/2016","17.71","16.94","18.61","16.52","","8.58%"
"07/17/2016","16.31","18.58","19.25","16.13","","-10.19%"
"07/10/2016","18.16","20.62","21.14","17.62","","-12.44%"
"07/03/2016","20.74","22.24","26.30","20.17","","-5.56%"
"06/26/2016","21.96","32.10","32.45","21.79","","-27.74%"
"06/19/2016","30.39","30.33","37.19","24.93","","-11.55%"
"06/12/2016","34.36","29.04","38.49","29.03","","27.31%"
"06/05/2016","26.99","21.49","27.02","20.41","","29.51%"
"05/29/2016","20.84","18.91","21.77","18.78","","14.38%"
"05/22/2016","18.22","21.56","22.22","18.17","","-10.42%"
"05/15/2016","20.34","22.14","22.52","20.31","","1.29%"
"05/08/2016","20.08","22.49","22.81","19.61","","-8.69%"
"05/01/2016","21.99","21.30","24.40","21.28","","3.68%"
"04/24/2016","21.21","19.58","21.68","18.73","","12.82%"
"04/17/2016","18.80","20.59","20.77","17.84","","3.35%"
"04/10/2016","18.19","21.72","22.57","17.84","","-12.17%"
"04/03/2016","20.71","23.75","24.53","20.41","","-8.81%"
"03/27/2016","22.71","22.31","24.02","20.17","","4.13%"
"03/20/2016","21.81","19.99","22.34","18.51","","17.32%"
"03/13/2016","18.59","22.36","22.55","18.42","","-15.35%"
"03/06/2016","21.96","23.77","26.54","21.15","","-3.47%"
"02/28/2016","22.75","29.45","29.98","22.53","","-18.34%"
"02/21/2016","27.86","29.12","32.02","27.39","","-5.81%"
"02/14/2016","29.58","33.55","33.69","28.30","","-15.39%"
"02/07/2016","34.96","29.96","40.08","29.37","","20.26%"
"01/31/2016","29.07","26.63","31.29","21.97","","10.95%"
"01/24/2016","26.20","28.41","30.50","26.10","","-6.36%"
"01/17/2016","27.98","34.54","36.28","27.55","","-19.27%"
"01/10/2016","34.66","32.20","35.62","26.42","","12.10%"
"01/03/2016","30.92","25.23","31.09","24.70","","36.94%"
"12/27/2015","22.58","21.69","23.16","21.29","","9.19%"
"12/20/2015","20.68","24.46","24.73","20.40","","-11.96%"
"12/13/2015","23.49","26.04","29.98","21.29","","-8.85%"
"12/06/2015","25.77","22.60","27.00","21.00","","15.25%"
"11/29/2015","22.36","22.92","23.71","18.94","","1.04%"
"11/22/2015","22.13","22.53","25.27","20.82","","2.17%"
"11/15/2015","21.66","25.66","25.97","21.52","","-10.75%"
"11/08/2015","24.27","20.45","25.23","19.97","","21.96%"
"11/01/2015","19.90","20.97","21.08","18.86","","0.40%"
"10/25/2015","19.82","20.11","20.90","19.60","","2.27%"
"10/18/2015","19.38","22.31","40.02","18.68","","-11.55%"
"10/11/2015","21.91","23.14","25.42","21.79","","-4.53%"
"10/04/2015","22.95","29.10","29.76","22.90","","-24.18%"
"09/27/2015","30.27","30.59","34.36","26.73","","3.31%"
"09/20/2015","29.30","28.01","33.18","26.13","","6.74%"
"09/13/2015","27.45","30.71","31.98","25.69","","-12.33%"
"09/06/2015","31.31","31.78","34.10","26.65","","-6.00%"
"08/30/2015","33.31","30.58","34.70","27.75","","11.70%"
"08/23/2015","29.82","30.59","45.96","28.57","","7.27%"
"08/16/2015","27.80","21.30","27.95","20.67","","29.36%"
"08/09/2015","21.49","17.02","23.05","16.94","","26.19%"
"08/02/2015","17.03","17.77","17.91","15.81","","-1.56%"
"07/26/2015","17.30","18.01","19.91","17.27","","0.12%"
"07/19/2015","17.28","16.04","17.39","14.76","","11.13%"
"07/12/2015","15.55","23.06","23.20","15.13","","-35.85%"
"07/05/2015","24.24","28.90","131.96","23.79","","-14.29%"
"06/28/2015","28.28","26.64","29.15","23.03","","25.97%"
"06/21/2015","22.45","22.72","23.74","19.54","","-7.04%"
"06/14/2015","24.15","22.88","25.57","22.67","","11.65%"
"06/07/2015","21.63","22.24","23.09","18.30","","1.03%"
"05/31/2015","21.41","19.39","22.10","18.44","","11.51%"
"05/24/2015","19.20","17.11","19.20","17.05","","16.08%"
"05/17/2015","16.54","18.71","19.38","16.32","","-8.52%"
"05/10/2015","18.08","19.35","21.43","17.70","","-4.79%"
"05/03/2015","18.99","22.15","24.66","18.93","","-12.81%"
"04/26/2015","21.78","20.20","23.18","10.87","","10.11%"
"04/19/2015","19.78","21.52","21.54","15.15","","-9.68%"
"04/12/2015","21.90","16.92","21.95","16.61","","35.44%"
"04/05/2015","16.17","19.72","19.84","16.12","","-17.29%"
"03/29/2015","19.55","19.18","20.79","18.05","","1.66%"
"03/22/2015","19.23","17.41","20.49","16.36","","17.40%"
"03/15/2015","16.38","18.29","20.21","16.37","","-9.70%"
"03/08/2015","18.14","18.43","19.46","17.59","","5.77%"
"03/01/2015","17.15","16.27","19.28","15.72","","5.80%"
"02/22/2015","16.21","18.23","18.42","15.94","","-15.79%"
"02/15/2015","19.25","20.68","22.07","18.77","","-3.07%"
"02/08/2015","19.86","20.73","22.29","19.04","","4.14%"
"02/01/2015","19.07","21.20","23.52","15.61","","-7.96%"
"01/25/2015","20.72","20.02","20.88","18.10","","7.80%"
"01/18/2015","19.22","22.80","23.18","17.55","","-9.38%"
"01/11/2015","21.21","22.75","35.23","11.11","","-6.93%"
"01/04/2015","22.79","23.07","26.41","19.66","","2.70%"
"12/28/2014","22.19","18.44","22.78","18.44","","23.35%"
"12/21/2014","17.99","18.28","18.52","17.19","","-3.07%"
"12/14/2014","18.56","23.02","29.63","9.21","","-19.34%"
"12/07/2014","23.01","14.29","28.11","14.25","","65.90%"
"11/30/2014","13.87","15.61","16.18","8.92","","-4.67%"
"11/23/2014","14.55","15.49","15.96","14.18","","-3.06%"
"11/16/2014","15.01","17.52","18.13","14.83","","-7.52%"
"11/09/2014","16.23","17.37","18.15","15.41","","-3.85%"
"11/02/2014","16.88","17.66","19.47","16.08","","-1.23%"
"10/26/2014","17.09","18.21","21.57","16.61","","-9.38%"
"10/19/2014","18.86","22.12","23.70","18.28","","-11.91%"
"10/12/2014","21.41","19.98","32.84","18.63","","14.86%"
"10/05/2014","18.64","15.27","18.68","14.23","","22.71%"
"09/28/2014","15.19","13.63","16.80","13.18","","13.27%"
"09/21/2014","13.41","12.04","14.43","11.78","","17.43%"
"09/14/2014","11.42","13.15","13.67","11.24","","-6.78%"
"09/07/2014","12.25","12.93","13.51","12.20","","-1.13%"
"08/31/2014","12.39","13.44","13.69","11.71","","-6.14%"
"08/24/2014","13.20","12.43","14.22","12.20","","2.56%"
"08/17/2014","12.87","14.32","14.32","12.19","","-15.50%"
"08/10/2014","15.23","17.02","17.07","12.68","","-12.47%"
"08/03/2014","17.40","16.28","18.02","14.52","","6.95%"
"07/27/2014","16.27","13.61","17.02","12.93","","19.72%"
"07/20/2014","13.59","14.17","14.68","12.31","","-2.23%"
"07/13/2014","13.90","14.88","15.50","12.88","","-5.57%"
"07/06/2014","14.72","10.98","15.95","10.98","","40.59%"
"06/29/2014","10.47","12.75","12.77","10.36","","-14.81%"
"06/22/2014","12.29","10.81","12.99","10.66","","18.29%"
"06/15/2014","10.39","12.47","12.64","10.10","","-10.59%"
"06/08/2014","11.62","11.47","12.57","10.79","","3.01%"
"06/01/2014","11.28","12.51","13.46","11.07","","-7.92%"
"05/25/2014","12.25","12.52","12.63","12.11","","-0.81%"
"05/18/2014","12.35","13.10","13.26","12.01","","-5.65%"
"05/11/2014","13.09","13.89","14.11","12.22","","-1.13%"
"05/04/2014","13.24","15.23","16.28","13.19","","-9.62%"
"04/27/2014","14.65","15.68","15.86","13.85","","-6.69%"
"04/20/2014","15.70","15.46","16.10","14.17","","7.31%"
"04/13/2014","14.63","16.68","17.69","14.55","","-7.29%"
"04/06/2014","15.78","14.28","16.48","13.47","","18.91%"
"03/30/2014","13.27","14.53","15.04","13.21","","-7.91%"
"03/23/2014","14.41","15.70","17.19","14.40","","-4.95%"
"03/16/2014","15.16","19.64","19.93","15.11","","-23.67%"
"03/09/2014","19.86","17.45","20.88","16.35","","18.21%"
"03/02/2014","16.80","17.28","19.62","15.18","","14.29%"
"02/23/2014","14.70","15.46","15.99","14.11","","0.27%"
"02/16/2014","14.66","14.70","16.49","14.41","","2.23%"
"02/09/2014","14.34","17.16","17.20","14.10","","-14.49%"
"02/02/2014","16.77","19.62","21.16","16.76","","-11.18%"
"01/26/2014","18.88","17.32","21.12","15.66","","10.34%"
"01/19/2014","17.11","13.42","17.14","12.71","","35.58%"
"01/12/2014","12.62","13.06","14.03","12.61","","-0.55%"
"01/05/2014","12.69","15.05","15.12","12.06","","-13.67%"
"12/29/2013","14.70","13.58","15.43","13.57","","10.44%"
"12/22/2013","13.31","13.58","13.64","12.62","","-0.22%"
"12/15/2013","13.34","16.55","16.86","12.77","","-15.30%"
"12/08/2013","15.75","14.50","15.84","13.64","","9.60%"
"12/01/2013","14.37","13.06","15.79","13.06","","12.18%"
"11/24/2013","12.81","12.82","13.12","12.47","","0.79%"
"11/17/2013","12.71","13.59","13.84","12.68","","-0.47%"
"11/10/2013","12.77","14.27","15.19","12.51","","-10.82%"
"11/03/2013","14.32","13.89","14.71","12.51","","3.39%"
"10/27/2013","13.85","13.74","14.21","13.30","","3.67%"
"10/20/2013","13.36","13.77","14.15","12.75","","-1.55%"
"10/13/2013","13.57","16.75","17.94","13.56","","-14.76%"
"10/06/2013","15.92","17.35","20.05","15.91","","-1.97%"
"09/29/2013","16.24","16.20","16.69","15.24","","10.78%"
"09/22/2013","14.66","14.34","14.87","13.72","","6.39%"
"09/15/2013","13.78","15.20","15.63","13.50","","-7.27%"
"09/08/2013","14.86","16.60","17.20","14.68","","-8.67%"
"09/01/2013","16.27","17.73","18.33","15.78","","-8.23%"
"08/25/2013","17.73","14.07","18.59","14.30","","26.01%"
"08/18/2013","14.07","13.53","15.70","13.65","","4.07%"
"08/11/2013","13.52","12.36","14.61","12.33","","9.47%"
"08/04/2013","12.35","13.99","14.73","12.15","","-11.72%"
"07/28/2013","13.99","14.63","112.84","13.97","","-4.37%"
"07/21/2013","14.63","13.86","14.85","13.48","","5.56%"
"07/14/2013","13.86","14.95","16.09","13.70","","-7.29%"
"07/07/2013","14.95","17.45","21.09","14.58","","-14.28%"
"06/30/2013","17.44","17.73","19.39","16.53","","-1.58%"
"06/23/2013","17.72","19.94","22.46","17.19","","-11.09%"
"06/16/2013","19.93","17.27","20.16","16.57","","15.47%"
"06/09/2013","17.26","16.37","19.82","15.90","","5.44%"
"06/02/2013","16.37","15.46","18.47","16.05","","5.95%"
"05/26/2013","15.45","14.11","15.72","13.43","","9.57%"
"05/19/2013","14.10","12.42","14.85","12.91","","13.62%"
"05/12/2013","12.41","12.96","13.77","12.06","","-4.24%"
"05/05/2013","12.96","13.78","14.38","12.36","","-5.95%"
"04/28/2013","13.78","15.26","15.87","13.47","","-9.64%"
"04/21/2013","15.25","15.94","16.92","14.54","","-4.33%"
"04/14/2013","15.94","14.71","18.11","14.87","","8.44%"
"04/07/2013","14.70","16.51","16.73","13.90","","-10.96%"
"03/31/2013","16.51","14.03","17.18","13.80","","17.68%"
"03/24/2013","14.03","14.49","15.29","12.78","","-3.17%"
"03/17/2013","14.49","11.52","14.49","12.40","","25.78%"
"03/10/2013","11.52","11.81","12.88","11.06","","-2.46%"
"03/03/2013","11.81","15.21","16.17","11.37","","-22.35%"
"02/24/2013","15.21","15.08","17.86","14.35","","1.13%"
"02/17/2013","15.04","13.09","15.78","12.70","","14.90%"
"02/10/2013","13.09","13.87","14.12","12.50","","-5.62%"
"02/03/2013","13.87","12.17","15.94","12.17","","13.97%"
"01/27/2013","12.17","11.34","13.12","11.44","","7.32%"
"01/20/2013","11.34","11.97","12.49","11.25","","-5.26%"
"01/13/2013","11.97","11.45","12.76","11.54","","4.54%"
"01/06/2013","11.45","12.68","13.20","9.68","","-9.70%"
"12/30/2012","12.68","16.04","17.62","12.55","","-20.95%"
"12/23/2012","16.04","14.24","16.10","14.24","","12.72%"
"12/16/2012","14.23","12.46","14.48","12.44","","14.21%"
"12/09/2012","12.46","13.87","14.81","12.44","","-10.10%"
"12/02/2012","13.86","14.17","14.45","13.64","","1.99%"
"11/25/2012","13.59","14.68","15.05","13.16","","-4.70%"
"11/18/2012","14.26","17.67","17.81","14.09","","-20.16%"
"11/11/2012","17.86","16.77","18.03","15.27","","11.76%"
"11/04/2012","15.98","16.07","17.92","14.79","","5.90%"
"10/28/2012","15.09","16.94","17.18","14.87","","-6.79%"
"10/21/2012","16.19","15.61","17.82","10.84","","6.79%"
"10/14/2012","15.16","16.12","16.12","14.48","","-2.76%"
"10/07/2012","15.59","15.94","17.10","14.62","","2.90%"
"09/30/2012","15.15","5.77","18.66","5.77","","162.56%"
"09/23/2012","5.77","14.71","17.14","5.76","","-60.77%"
"09/16/2012","14.71","16.20","16.73","14.43","","-4.42%"
"09/09/2012","15.39","17.02","18.68","14.35","","-5.93%"
"09/02/2012","16.36","19.49","21.48","16.22","","-16.06%"
"08/26/2012","19.49","17.83","21.22","17.44","","9.31%"
"08/19/2012","17.83","16.91","18.78","15.93","","15.03%"
"08/12/2012","15.50","15.06","17.50","15.06","","2.92%"
"08/05/2012","15.06","18.14","19.07","15.04","","-16.98%"
"07/29/2012","18.14","20.05","21.81","11.22","","-9.53%"
"07/22/2012","20.05","18.43","23.44","18.43","","8.79%"
"07/15/2012","18.43","16.83","18.50","15.99","","9.51%"
"07/08/2012","16.83","19.72","21.03","16.66","","-14.66%"
"07/01/2012","19.72","19.30","20.24","17.97","","2.18%"
"06/24/2012","19.30","20.17","23.06","19.07","","-4.31%"
"06/17/2012","20.17","28.59","28.59","19.23","","-29.45%"
"06/10/2012","28.59","24.97","29.46","22.99","","14.50%"
"06/03/2012","24.97","32.61","32.62","23.75","","-18.08%"
"05/27/2012","30.48","24.82","33.31","24.67","","22.80%"
"05/20/2012","24.82","29.10","29.10","24.09","","-9.25%"
"05/13/2012","27.35","22.75","31.33","22.75","","20.22%"
"05/06/2012","22.75","24.08","27.55","22.57","","-5.52%"
"04/29/2012","24.08","21.01","24.16","20.48","","14.61%"
"04/22/2012","21.01","21.64","25.45","18.59","","-2.91%"
"04/15/2012","21.64","24.47","25.79","21.54","","-11.57%"
"04/08/2012","24.47","23.18","26.13","22.62","","16.69%"
"04/01/2012","20.97","18.41","22.94","17.03","","13.91%"
"03/25/2012","18.41","17.11","20.79","16.07","","7.60%"
"03/18/2012","17.11","15.75","18.27","14.93","","15.45%"
"03/11/2012","14.82","16.82","18.31","13.76","","-9.58%"
"03/04/2012","16.39","18.66","22.96","16.23","","-6.98%"
"02/26/2012","17.62","19.11","20.14","17.34","","-3.24%"
"02/19/2012","18.21","20.09","21.64","18.19","","-8.54%"
"02/12/2012","19.91","22.74","49.97","19.41","","-9.62%"
"02/05/2012","22.03","19.73","22.93","19.58","","16.68%"
"01/29/2012","18.88","21.03","21.91","18.59","","-2.83%"
"01/22/2012","19.43","20.96","21.44","19.07","","-3.04%"
"01/15/2012","20.04","24.06","24.08","19.89","","-11.09%"
"01/08/2012","22.54","24.42","24.67","21.00","","-5.81%"
"01/01/2012","23.93","25.96","25.98","23.35","","-4.24%"
"12/25/2011","24.99","23.02","26.03","22.49","","15.16%"
"12/18/2011","21.70","26.71","26.73","21.39","","-12.78%"
"12/11/2011","24.88","26.80","32.21","12.43","","-5.47%"
"12/04/2011","26.32","28.45","31.51","25.64","","-6.57%"
"11/27/2011","28.17","33.17","33.73","27.12","","-15.13%"
"11/20/2011","33.19","33.52","35.56","31.74","","3.95%"
"11/13/2011","31.93","33.14","35.73","31.05","","-2.35%"
"11/06/2011","32.70","34.93","39.24","30.41","","-2.88%"
"10/30/2011","33.67","26.74","38.25","26.74","","30.96%"
"10/23/2011","25.71","34.41","34.51","24.00","","-21.13%"
"10/16/2011","32.60","28.47","36.89","26.63","","14.83%"
"10/09/2011","28.39","34.49","34.84","25.84","","-16.62%"
"10/02/2011","34.05","42.36","44.39","32.81","","-11.21%"
"09/25/2011","38.35","43.09","43.40","36.45","","-5.47%"
"09/18/2011","40.57","36.66","42.92","34.02","","20.49%"
"09/11/2011","33.67","43.60","47.50","31.92","","-18.45%"
"09/04/2011","41.29","40.05","41.36","35.18","","23.62%"
"08/28/2011","33.40","33.94","33.94","30.33","","-11.17%"
"08/21/2011","37.60","41.08","41.08","36.91","","-12.46%"
"08/14/2011","42.95","37.04","42.95","31.06","","7.78%"
"08/07/2011","39.85","41.19","47.25","39.85","","12.70%"
"07/31/2011","35.36","21.18","91.11","19.29","","80.13%"
"07/24/2011","19.63","18.68","22.41","17.49","","18.04%"
"07/17/2011","16.63","21.98","23.63","15.90","","-19.66%"
"07/10/2011","20.70","15.31","23.35","15.23","","47.33%"
"07/03/2011","14.05","15.56","21.23","12.82","","-2.97%"
"06/26/2011","14.48","20.94","21.16","14.20","","-27.45%"
"06/19/2011","19.96","20.71","21.52","17.49","","6.45%"
"06/12/2011","18.75","19.01","20.53","16.34","","1.41%"
"06/05/2011","18.49","18.68","19.34","16.44","","4.46%"
"05/29/2011","17.70","17.73","19.15","15.51","","8.72%"
"05/22/2011","16.28","19.39","20.39","16.27","","-6.17%"
"05/15/2011","17.35","18.05","19.49","15.39","","-0.06%"
"05/08/2011","17.36","17.02","18.17","15.19","","9.05%"
"05/01/2011","15.92","15.58","18.93","14.89","","7.57%"
"04/24/2011","14.80","16.53","16.56","13.99","","1.37%"
"04/17/2011","14.60","15.35","18.59","14.28","","5.04%"
"04/10/2011","13.90","14.00","17.04","13.29","","9.79%"
"04/03/2011","12.66","15.74","15.84","11.86","","-16.33%"
"03/27/2011","15.13","17.02","17.23","15.00","","-5.02%"
"03/20/2011","15.93","21.48","21.50","15.87","","-25.63%"
"03/13/2011","21.42","20.72","28.88","19.30","","10.13%"
"03/06/2011","19.45","19.07","19.92","17.36","","10.01%"
"02/27/2011","17.68","18.70","20.10","16.70","","-1.06%"
"02/20/2011","17.87","16.69","20.59","15.75","","13.10%"
"02/13/2011","15.80","16.07","16.80","15.37","","0.45%"
"02/06/2011","15.73","17.15","17.15","15.39","","-7.36%"
"01/30/2011","16.98","18.03","18.87","16.75","","2.29%"
"01/23/2011","16.60","17.06","17.44","8.65","","2.60%"
"01/16/2011","16.18","16.56","18.19","15.17","","3.39%"
"01/09/2011","15.65","19.27","20.02","15.64","","-14.57%"
"01/02/2011","18.32","19.47","19.92","17.51","","-2.08%"
"12/26/2010","18.71","16.99","18.71","15.23","","17.16%"
"12/19/2010","15.97","15.73","16.35","14.39","","8.49%"
"12/12/2010","14.72","16.36","16.62","14.43","","-3.85%"
"12/05/2010","15.31","20.32","20.93","15.26","","-23.07%"
"11/28/2010","19.90","22.64","26.61","19.67","","-10.40%"
"11/21/2010","22.21","18.07","22.60","17.48","","23.53%"
"11/14/2010","17.98","20.59","21.83","17.97","","-8.87%"
"11/07/2010","19.73","19.54","20.96","17.75","","5.06%"
"10/31/2010","18.78","20.93","21.99","18.46","","-7.53%"
"10/24/2010","20.31","19.52","21.16","19.48","","8.09%"
"10/17/2010","18.79","19.50","19.66","18.43","","3.36%"
"10/10/2010","18.18","19.21","19.21","17.13","","3.18%"
"10/03/2010","17.62","24.27","25.43","17.55","","-25.34%"
"09/26/2010","23.60","22.24","24.08","21.93","","9.51%"
"09/19/2010","21.55","22.94","24.93","21.48","","-3.49%"
"09/12/2010","22.33","22.05","23.33","21.42","","2.01%"
"09/05/2010","21.89","22.75","24.31","21.41","","-2.28%"
"08/29/2010","22.40","27.01","28.59","22.00","","-13.91%"
"08/22/2010","26.02","28.58","30.22","25.89","","-4.51%"
"08/15/2010","27.25","28.39","28.88","24.81","","2.25%"
"08/08/2010","26.65","26.25","28.28","25.32","","2.74%"
"08/01/2010","25.94","26.08","26.27","23.55","","2.29%"
"07/25/2010","25.36","25.42","27.08","23.89","","4.19%"
"07/18/2010","24.34","27.29","27.34","23.59","","-0.16%"
"07/11/2010","24.38","22.57","25.67","20.83","","10.27%"
"07/04/2010","22.11","31.00","31.01","17.14","","-26.28%"
"06/27/2010","29.99","29.80","33.87","24.48","","2.85%"
"06/20/2010","29.16","22.93","29.55","22.63","","21.00%"
"06/13/2010","24.10","27.17","27.33","23.89","","-11.10%"
"06/06/2010","27.11","34.96","37.61","26.10","","-16.20%"
"05/30/2010","32.35","31.41","35.14","27.16","","6.38%"
"05/23/2010","30.41","40.47","42.10","29.57","","-26.28%"
"05/16/2010","41.25","35.95","46.63","29.82","","20.23%"
"05/09/2010","34.31","39.01","39.01","25.49","","-8.94%"
"05/02/2010","37.68","24.68","41.43","21.17","","59.12%"
"04/25/2010","23.68","19.30","27.11","19.02","","22.63%"
"04/18/2010","19.31","20.29","21.24","17.98","","3.93%"
"04/11/2010","18.58","17.66","19.23","2.22","","12.61%"
"04/04/2010","16.50","19.21","20.00","16.50","","-10.23%"
"03/28/2010","18.38","19.53","20.22","15.74","","-2.08%"
"03/21/2010","18.77","20.26","20.99","18.34","","0.21%"
"03/14/2010","18.73","20.18","22.42","18.66","","2.97%"
"03/07/2010","18.19","20.05","20.95","18.18","","-8.73%"
"02/28/2010","19.93","21.77","22.57","18.71","","-8.41%"
"02/21/2010","21.76","23.07","24.11","13.90","","-3.25%"
"02/14/2010","22.49","26.58","26.78","9.11","","-17.95%"
"02/07/2010","27.41","28.68","30.85","24.80","","-6.26%"
"01/31/2010","29.24","26.37","30.63","21.85","","17.62%"
"01/24/2010","24.86","26.60","27.15","21.75","","0.24%"
"01/17/2010","24.80","21.58","26.46","20.04","","23.57%"
"01/10/2010","20.07","19.81","40.32","19.24","","8.43%"
"01/03/2010","18.51","25.29","25.74","18.27","","-23.39%"
"12/27/2009","24.16","24.24","24.40","22.77","","3.56%"
"12/20/2009","23.33","25.36","25.46","18.53","","-6.15%"
"12/13/2009","24.86","25.92","26.28","23.57","","-2.13%"
"12/06/2009","25.40","26.87","30.11","23.79","","-1.44%"
"11/29/2009","25.77","30.12","32.42","22.30","","-12.56%"
"11/22/2009","29.47","27.18","34.02","17.61","","7.75%"
"11/15/2009","27.35","26.44","27.92","24.95","","6.84%"
"11/08/2009","25.60","28.45","34.05","17.38","","-10.14%"
"11/01/2009","28.49","31.65","33.48","26.49","","-8.13%"
"10/25/2009","31.01","25.99","31.01","25.57","","22.91%"
"10/18/2009","25.23","25.64","28.12","23.01","","2.44%"
"10/11/2009","24.63","25.06","26.92","18.18","","-1.04%"
"10/04/2009","24.89","31.18","34.26","23.73","","-17.39%"
"09/27/2009","30.13","29.10","31.79","18.58","","9.60%"
"09/20/2009","27.49","26.50","29.86","24.62","","7.76%"
"09/13/2009","25.51","28.08","28.41","25.48","","-2.60%"
"09/06/2009","26.19","28.65","29.44","24.62","","-9.28%"
"08/30/2009","28.87","30.10","33.57","17.29","","2.41%"
"08/23/2009","28.19","28.25","29.58","27.90","","1.44%"
"08/16/2009","27.79","28.80","33.16","27.06","","2.39%"
"08/09/2009","27.14","28.58","35.95","25.88","","-1.02%"
"08/02/2009","27.42","30.09","31.32","27.32","","-5.68%"
"07/26/2009","29.07","27.77","29.07","24.32","","6.56%"
"07/19/2009","27.28","27.01","29.54","26.74","","3.45%"
"07/12/2009","26.37","32.81","33.75","26.05","","-21.59%"
"07/05/2009","33.63","33.88","37.87","30.00","","6.05%"
"06/28/2009","31.71","33.27","33.40","29.44","","-0.91%"
"06/21/2009","32.00","32.86","36.00","30.65","","4.37%"
"06/14/2009","30.66","30.37","36.83","30.36","","5.22%"
"06/07/2009","29.14","33.55","35.48","28.02","","-10.23%"
"05/31/2009","32.46","33.39","37.33","31.01","","-5.50%"
"05/24/2009","34.35","33.67","36.57","32.86","","4.89%"
"05/17/2009","32.75","36.27","36.52","31.78","","-3.19%"
"05/10/2009","33.83","38.03","41.60","33.69","","-7.59%"
"05/03/2009","36.61","38.26","38.85","34.94","","-1.11%"
"04/26/2009","37.02","40.91","41.58","34.62","","-1.83%"
"04/19/2009","37.71","38.37","43.24","37.57","","2.03%"
"04/12/2009","36.96","41.18","42.79","36.38","","-3.70%"
"04/05/2009","38.38","41.58","43.90","37.72","","-6.46%"
"03/29/2009","41.03","44.45","46.71","39.20","","-2.12%"
"03/22/2009","41.92","44.98","45.10","40.70","","-6.01%"
"03/15/2009","44.60","43.69","45.72","42.95","","4.69%"
"03/08/2009","42.60","53.44","57.00","41.98","","-19.83%"
"03/01/2009","53.14","50.62","54.52","38.08","","12.56%"
"02/22/2009","47.21","52.01","58.07","44.15","","-9.37%"
"02/15/2009","52.09","46.81","53.47","46.05","","16.56%"
"02/08/2009","44.69","46.44","50.04","44.16","","0.00%"
"02/01/2009","44.69","53.32","53.64","39.42","","-8.93%"
"01/25/2009","49.07","55.30","55.85","45.47","","-8.84%"
"01/18/2009","53.83","50.95","61.48","49.98","","6.57%"
"01/11/2009","50.51","44.08","60.61","42.93","","22.60%"
"01/04/2009","41.20","44.76","45.91","39.97","","-6.93%"
"12/28/2008","44.27","47.66","48.11","44.23","","2.55%"
"12/21/2008","43.17","47.09","47.27","41.84","","-4.89%"
"12/14/2008","45.39","55.21","56.79","44.18","","-17.32%"
"12/07/2008","54.90","56.49","59.69","49.10","","-9.21%"
"11/30/2008","60.47","55.84","63.91","15.31","","10.71%"
"11/23/2008","54.62","73.17","74.24","53.41","","-26.52%"
"11/16/2008","74.33","64.32","77.07","62.05","","17.07%"
"11/09/2008","63.49","55.90","69.62","52.08","","10.30%"
"11/02/2008","57.56","61.47","61.47","47.62","","-6.30%"
"10/26/2008","61.43","79.95","82.73","61.35","","-23.52%"
"10/19/2008","80.32","77.54","81.53","60.46","","-1.11%"
"10/12/2008","81.22","76.61","84.75","56.70","","7.79%"
"10/05/2008","75.35","51.72","77.97","18.74","","64.70%"
"09/28/2008","45.75","39.96","48.26","34.23","","22.16%"
"09/21/2008","37.45","33.99","38.03","31.41","","8.71%"
"09/14/2008","34.45","30.90","39.01","30.48","","25.46%"
"09/07/2008","27.46","26.36","29.21","25.32","","-0.25%"
"08/31/2008","27.53","22.78","27.95","21.68","","27.93%"
"08/24/2008","21.52","23.32","24.65","19.58","","-3.19%"
"08/17/2008","22.23","24.00","25.34","21.44","","-3.05%"
"08/10/2008","22.93","24.77","26.85","22.91","","-3.53%"
"08/03/2008","23.77","26.75","33.61","19.47","","-9.27%"
"07/27/2008","26.20","27.08","28.46","23.41","","-0.30%"
"07/20/2008","26.28","28.09","29.14","25.23","","-3.63%"
"07/13/2008","27.27","29.86","33.06","27.20","","-10.41%"
"07/06/2008","30.44","27.58","31.07","26.28","","10.65%"
"06/29/2008","27.51","25.30","27.98","22.14","","12.01%"
"06/22/2008","24.56","24.50","26.19","19.52","","3.37%"
"06/15/2008","23.76","22.65","24.93","21.07","","8.34%"
"06/08/2008","21.93","23.48","25.03","21.82","","-1.62%"
"06/01/2008","22.29","19.63","22.72","19.36","","17.07%"
"05/25/2008","19.04","20.52","21.30","11.14","","-4.32%"
"05/18/2008","19.90","17.71","19.91","16.85","","13.07%"
"05/11/2008","17.60","19.17","21.17","17.00","","-8.86%"
"05/04/2008","19.31","19.45","20.55","18.26","","3.48%"
"04/27/2008","18.66","20.89","20.98","18.24","","-9.20%"
"04/20/2008","20.55","21.43","22.57","19.74","","0.44%"
"04/13/2008","20.46","24.95","25.00","19.73","","-12.64%"
"04/06/2008","23.42","23.39","24.36","21.42","","1.52%"
"03/30/2008","23.07","26.84","27.94","22.53","","-9.14%"
"03/23/2008","25.39","28.20","29.33","23.62","","-14.66%"
"03/16/2008","29.75","35.06","37.36","26.62","","-4.09%"
"03/09/2008","31.02","32.04","32.39","27.67","","0.36%"
"03/02/2008","30.91","30.58","31.85","28.92","","8.19%"
"02/24/2008","28.57","27.54","28.77","25.40","","2.36%"
"02/17/2008","27.91","27.80","28.93","26.61","","-0.25%"
"02/10/2008","27.98","29.56","29.70","26.03","","-1.27%"
"02/03/2008","28.34","26.32","29.79","26.07","","6.62%"
"01/27/2008","26.58","30.63","31.79","23.32","","-11.40%"
"01/20/2008","30.00","25.80","35.36","25.80","","20.92%"
"01/13/2008","24.81","22.49","25.46","21.35","","13.96%"
"01/06/2008","21.77","21.85","22.82","8.81","","2.69%"
"12/30/2007","21.20","17.95","21.42","11.96","","23.83%"
"12/23/2007","17.12","16.88","17.43","16.12","","2.95%"
"12/16/2007","16.63","20.57","21.51","16.55","","-11.87%"
"12/09/2007","18.87","19.42","19.90","17.67","","1.45%"
"12/02/2007","18.60","21.61","22.40","14.58","","-10.96%"
"11/25/2007","20.89","23.85","26.64","18.30","","-13.82%"
"11/18/2007","24.24","24.02","27.75","22.69","","0.75%"
"11/11/2007","24.06","30.48","30.61","22.95","","-20.52%"
"11/04/2007","30.27","22.86","30.90","20.95","","40.73%"
"10/28/2007","21.51","18.73","22.47","17.98","","14.66%"
"10/21/2007","18.76","21.62","22.77","18.16","","3.53%"
"10/14/2007","18.12","17.40","19.70","16.55","","9.03%"
"10/07/2007","16.62","17.77","17.77","14.67","","-3.20%"
"09/30/2007","17.17","19.66","19.88","15.20","","-6.79%"
"09/23/2007","18.42","19.48","20.21","14.95","","-2.18%"
"09/16/2007","18.83","25.60","27.76","17.93","","-23.58%"
"09/09/2007","24.64","26.79","28.34","23.30","","-5.70%"
"09/02/2007","26.13","23.45","26.33","19.30","","12.97%"
"08/26/2007","23.13","23.72","27.86","23.13","","-0.39%"
"08/19/2007","23.22","27.87","27.87","23.22","","-18.87%"
"08/12/2007","28.62","26.58","31.80","26.58","","-0.35%"
"08/05/2007","28.72","24.29","28.72","20.49","","24.11%"
"07/29/2007","23.14","22.71","24.87","21.06","","5.90%"
"07/22/2007","21.85","16.62","22.11","16.62","","30.53%"
"07/15/2007","16.74","16.32","17.33","16.30","","7.24%"
"07/08/2007","15.61","15.79","17.14","15.49","","-1.33%"
"07/01/2007","15.82","16.02","16.41","15.56","","1.35%"
"06/24/2007","15.61","15.90","17.03","15.61","","2.50%"
"06/17/2007","15.23","15.31","15.31","14.46","","4.46%"
"06/10/2007","14.58","16.58","17.34","14.58","","-14.29%"
"06/03/2007","17.01","15.58","17.78","15.58","","14.55%"
"05/27/2007","14.85","15.29","15.74","14.85","","-2.43%"
"05/20/2007","15.22","15.43","15.87","14.91","","0.20%"
"05/13/2007","15.19","17.76","17.76","15.19","","-10.59%"
"05/06/2007","16.99","16.07","16.99","16.07","","7.53%"
"04/29/2007","15.80","17.33","17.33","15.80","","-7.98%"
"04/22/2007","17.17","17.32","17.83","16.97","","2.14%"
"04/15/2007","16.81","15.75","17.58","15.75","","5.72%"
"04/08/2007","15.90","15.20","16.69","15.20","","5.44%"
"04/01/2007","15.08","17.62","17.62","15.08","","-17.10%"
"03/25/2007","18.19","19.07","19.48","18.19","","8.40%"
"03/18/2007","16.78","19.19","19.19","16.78","","-8.51%"
"03/11/2007","18.34","16.92","21.21","16.92","","21.06%"
"03/04/2007","15.15","20.56","20.56","14.54","","-23.17%"
"02/25/2007","19.72","12.51","19.86","12.51","","59.68%"
"02/18/2007","12.35","12.26","12.80","12.26","","-6.30%"
"02/11/2007","13.18","14.66","14.66","13.18","","-0.38%"
"02/04/2007","13.23","14.20","14.20","13.23","","-4.82%"
"01/28/2007","13.90","15.17","15.34","13.90","","-5.95%"
"01/21/2007","14.78","14.57","14.87","13.68","","10.30%"
"01/14/2007","13.40","13.31","14.47","13.31","","3.80%"
"01/07/2007","12.91","15.13","15.70","12.91","","-10.28%"
"12/31/2006","14.39","13.02","14.39","12.97","","-1.57%"
"12/24/2006","14.62","13.79","14.62","13.79","","11.01%"
"12/17/2006","13.17","11.76","13.17","11.76","","22.17%"
"12/10/2006","10.78","11.81","11.81","10.78","","-7.78%"
"12/03/2006","11.69","15.36","15.36","11.69","","-19.10%"
"11/26/2006","14.45","14.12","14.45","13.63","","11.67%"
"11/19/2006","12.94","12.67","12.94","12.09","","-1.60%"
"11/12/2006","13.15","13.80","14.12","13.15","","-6.54%"
"11/05/2006","14.07","13.42","14.25","13.42","","1.30%"
"10/29/2006","13.89","14.44","14.44","13.78","","2.21%"
"10/22/2006","13.59","13.87","13.87","13.49","","-3.07%"
"10/15/2006","14.02","14.13","15.78","14.02","","2.79%"
"10/08/2006","13.64","15.70","15.70","13.59","","-12.40%"
"10/01/2006","15.57","16.91","17.11","15.57","","-5.35%"
"09/24/2006","16.45","17.54","17.54","16.26","","-4.64%"
"09/17/2006","17.25","17.00","17.36","16.50","","4.04%"
"09/10/2006","16.58","18.88","18.88","16.58","","-11.05%"
"09/03/2006","18.64","15.87","19.61","15.87","","20.41%"
"08/27/2006","15.48","15.83","16.35","15.48","","-0.13%"
"08/20/2006","15.50","16.49","16.49","15.50","","-2.88%"
"08/13/2006","15.96","17.69","17.69","15.96","","-12.02%"
"08/06/2006","18.14","19.64","19.99","18.14","","2.95%"
"07/30/2006","17.62","17.47","18.90","17.47","","7.64%"
"07/23/2006","16.37","18.06","18.63","16.37","","-14.16%"
"07/16/2006","19.07","21.55","21.66","19.06","","-7.65%"
"07/09/2006","20.65","17.66","20.65","17.66","","18.27%"
"07/02/2006","17.46","16.64","18.23","16.37","","3.44%"
"06/25/2006","16.88","19.46","19.98","16.88","","-9.05%"
"06/18/2006","18.56","21.18","21.18","18.56","","-14.59%"
"06/11/2006","21.73","22.78","24.89","21.54","","-2.16%"
"06/04/2006","22.21","20.51","24.60","20.51","","12.63%"
"05/28/2006","19.72","19.95","23.10","19.72","","1.75%"
"05/21/2006","19.38","24.90","24.90","19.38","","-3.10%"
"05/14/2006","20.00","17.39","21.02","16.96","","25.79%"
"05/07/2006","15.90","14.02","15.90","13.79","","17.08%"
"04/30/2006","13.58","14.47","15.20","13.58","","-3.14%"
"04/23/2006","14.02","13.88","14.69","13.54","","9.87%"
"04/16/2006","12.76","14.11","14.11","12.76","","-4.13%"
"04/09/2006","13.31","13.26","14.29","13.26","","1.84%"
"04/02/2006","13.07","12.93","13.22","12.93","","1.71%"
"03/26/2006","12.85","13.46","13.61","12.54","","3.13%"
"03/19/2006","12.46","12.74","12.78","12.46","","-0.48%"
"03/12/2006","12.52","12.98","12.98","12.52","","-2.80%"
"03/05/2006","12.88","14.56","14.87","12.88","","-11.48%"
"02/26/2006","14.55","14.02","14.98","14.02","","1.68%"
"02/19/2006","14.31","14.80","15.09","14.31","","-1.04%"
"02/12/2006","14.46","15.76","15.96","14.46","","-6.47%"
"02/05/2006","15.46","16.51","16.51","15.29","","-5.10%"
"01/29/2006","16.29","15.90","16.39","15.90","","8.60%"
"01/22/2006","15.00","15.74","15.74","14.69","","-2.09%"
"01/15/2006","15.32","13.04","15.32","13.04","","18.39%"
"01/08/2006","12.94","13.83","14.12","12.35","","-4.99%"
"01/01/2006","13.62","13.61","14.00","13.61","","-0.44%"
"12/25/2005","13.68","12.49","13.68","12.49","","13.62%"
"12/18/2005","12.04","12.05","12.30","12.04","","4.42%"
"12/11/2005","11.53","13.25","13.25","11.53","","-14.21%"
"12/04/2005","13.44","14.14","14.57","13.44","","1.36%"
"11/27/2005","13.26","13.68","13.71","13.26","","-0.23%"
"11/20/2005","13.29","13.84","13.84","13.22","","-5.88%"
"11/13/2005","14.12","14.76","14.97","14.12","","-1.26%"
"11/06/2005","14.30","14.42","14.57","14.04","","-0.56%"
"10/30/2005","14.38","15.62","15.62","14.27","","-11.45%"
"10/23/2005","16.24","17.24","17.24","15.70","","-1.28%"
"10/16/2005","16.45","15.16","16.99","14.94","","10.18%"
"10/09/2005","14.93","15.85","15.85","14.93","","-6.16%"
"10/02/2005","15.91","13.67","16.14","13.67","","16.39%"
"09/25/2005","13.67","13.48","14.08","13.48","","-3.87%"
"09/18/2005","14.22","13.67","14.63","13.67","","1.72%"
"09/11/2005","13.98","15.06","15.35","13.98","","-5.48%"
"09/04/2005","14.79","14.91","15.56","14.38","","-1.99%"
"08/28/2005","15.09","16.43","16.43","15.09","","-5.92%"
"08/21/2005","16.04","15.26","16.24","15.26","","4.50%"
"08/14/2005","15.35","15.70","16.17","15.35","","0.79%"
"08/07/2005","15.23","14.62","15.23","14.07","","4.17%"
"07/31/2005","14.62","14.11","14.62","13.86","","6.72%"
"07/24/2005","13.70","14.49","14.49","13.70","","-2.70%"
"07/17/2005","14.08","13.25","14.08","12.76","","10.17%"
"07/10/2005","12.78","13.41","13.41","12.78","","2.24%"
"07/03/2005","12.50","12.52","14.88","12.50","","2.88%"
"06/26/2005","12.15","13.47","13.47","12.15","","-4.93%"
"06/19/2005","12.78","12.83","12.83","12.30","","2.40%"
"06/12/2005","12.48","11.99","13.08","11.99","","6.03%"
"06/05/2005","11.77","13.36","13.36","11.77","","-6.51%"
"05/29/2005","12.59","13.24","13.84","12.59","","-4.84%"
"05/22/2005","13.23","13.63","13.71","13.23","","-0.08%"
"05/15/2005","13.24","14.44","14.44","13.02","","-7.02%"
"05/08/2005","14.24","13.91","15.24","13.91","","4.48%"
"05/01/2005","13.63","16.36","16.36","13.63","","-20.06%"
"04/24/2005","17.05","15.31","17.68","15.31","","11.37%"
"04/17/2005","15.31","18.00","18.00","15.31","","18.68%"
"04/10/2005","12.90","10.43","12.90","10.43","","27.47%"
"04/03/2005","10.12","13.35","13.35","10.12","","-17.92%"
"03/27/2005","12.33","12.54","12.98","12.33","","4.58%"
"03/20/2005","11.79","12.26","12.51","11.79","","-2.96%"
"03/13/2005","12.15","12.69","13.19","12.15","","-3.03%"
"03/06/2005","12.53","12.84","13.03","12.53","","-3.47%"
"02/27/2005","12.98","13.00","13.07","12.62","","3.67%"
"02/20/2005","12.52","12.84","13.75","12.52","","-0.40%"
"02/13/2005","12.57","12.71","13.19","12.57","","2.78%"
"02/06/2005","12.23","12.96","12.96","12.23","","1.41%"
"01/30/2005","12.06","12.29","12.49","12.06","","-1.95%"
"01/23/2005","12.30","12.87","12.87","12.21","","0.16%"
"01/16/2005","12.28","12.51","12.71","12.28","","2.68%"
"01/09/2005","11.96","12.81","13.50","11.96","","-7.36%"
"01/02/2005","12.91","13.71","13.91","12.91","","-6.58%"
"12/26/2004","13.82","13.04","13.82","13.02","","11.45%"
"12/19/2004","12.40","12.89","12.89","12.40","","-4.17%"
"12/12/2004","12.94","13.31","13.63","12.94","","-1.97%"
"12/05/2004","13.20","15.28","15.28","13.20","","-12.29%"
"11/28/2004","15.05","15.84","16.57","15.05","","-0.99%"
"11/21/2004","15.20","16.14","16.14","15.16","","-2.06%"
"11/14/2004","15.52","15.68","15.68","15.35","","2.58%"
"11/07/2004","15.13","16.80","16.80","15.13","","-10.42%"
"10/31/2004","16.89","18.81","18.81","16.89","","-9.29%"
"10/24/2004","18.62","20.13","20.13","18.59","","7.75%"
"10/17/2004","17.28","17.54","18.06","16.77","","2.37%"
"10/10/2004","16.88","16.06","17.56","16.06","","4.91%"
"10/03/2004","16.09","17.64","18.05","15.59","","-3.65%"
"09/26/2004","16.70","18.63","18.63","16.70","","-6.23%"
"09/19/2004","17.81","17.68","18.82","17.32","","4.34%"
"09/12/2004","17.07","18.19","18.70","17.07","","-6.92%"
"09/05/2004","18.34","18.96","19.10","18.34","","-4.53%"
"08/29/2004","19.21","20.28","21.05","19.21","","-2.24%"
"08/22/2004","19.65","21.36","21.36","19.65","","-8.99%"
"08/15/2004","21.59","23.80","23.80","21.59","","-12.31%"
"08/08/2004","24.62","25.63","26.03","24.31","","1.90%"
"08/01/2004","24.16","22.32","24.16","21.37","","18.49%"
"07/25/2004","20.39","23.46","23.46","20.39","","-4.23%"
"07/18/2004","21.29","19.66","21.46","18.65","","12.82%"
"07/11/2004","18.87","19.12","20.51","18.87","","12.79%"
"07/04/2004","16.73","20.26","21.47","16.73","","-12.59%"
"06/27/2004","19.14","18.07","19.14","18.07","","5.63%"
"06/20/2004","18.12","18.76","19.74","18.12","","-1.04%"
"06/13/2004","18.31","21.65","21.65","18.31","","-7.57%"
"06/06/2004","19.81","21.69","21.69","19.65","","-6.47%"
"05/30/2004","21.18","23.06","24.71","21.18","","-3.95%"
"05/23/2004","22.05","24.26","24.57","22.05","","-12.15%"
"05/16/2004","25.10","29.20","29.20","24.25","","-4.82%"
"05/09/2004","26.37","28.28","28.28","25.06","","13.57%"
"05/02/2004","23.22","22.62","23.22","20.91","","3.11%"
"04/25/2004","22.52","19.34","22.52","19.34","","21.53%"
"04/18/2004","18.53","20.55","20.55","18.53","","-5.75%"
"04/11/2004","19.66","21.06","22.56","19.66","","-5.93%"
"04/04/2004","20.90","21.37","22.46","20.90","","-4.65%"
"03/28/2004","21.92","23.82","25.09","21.92","","-13.97%"
"03/21/2004","25.48","31.80","31.80","25.48","","-5.59%"
"03/14/2004","26.99","29.24","29.24","24.15","","13.40%"
"03/07/2004","23.80","18.33","23.80","18.33","","27.34%"
"02/29/2004","18.69","19.70","19.70","18.69","","-1.84%"
"02/22/2004","19.04","18.85","20.38","18.85","","3.87%"
"02/15/2004","18.33","18.26","18.81","18.26","","-2.96%"
"02/08/2004","18.89","20.32","20.32","18.16","","-9.83%"
"02/01/2004","20.95","21.90","22.66","20.95","","-2.29%"
"01/25/2004","21.44","19.64","21.74","19.64","","13.50%"
"01/18/2004","18.89","19.75","20.33","18.89","","1.50%"
"01/11/2004","18.61","22.10","22.10","18.61","","-9.97%"
"01/04/2004","20.67","22.48","22.48","19.72","","-3.95%"
"12/28/2003","21.52","22.11","22.11","21.52","","-2.45%"
"12/21/2003","22.06","22.58","22.58","22.06","","-2.56%"
"12/14/2003","22.64","25.97","26.09","22.64","","-9.26%"
"12/07/2003","24.95","26.25","26.45","24.95","","-2.42%"
"11/30/2003","25.57","25.18","25.57","24.46","","1.15%"
"11/23/2003","25.28","26.82","26.82","24.66","","-11.76%"
"11/16/2003","28.65","28.28","30.19","28.28","","14.37%"
"11/09/2003","25.05","26.35","27.09","25.05","","-0.71%"
"11/02/2003","25.23","24.18","25.23","24.18","","3.91%"
"10/26/2003","24.28","26.50","26.50","24.28","","-9.30%"
"10/19/2003","26.77","26.38","27.68","25.64","","2.88%"
"10/12/2003","26.02","28.05","28.05","26.02","","-7.37%"
"10/05/2003","28.09","30.98","31.54","28.09","","-4.91%"
"09/28/2003","29.54","32.54","34.41","29.54","","-9.19%"
"09/21/2003","32.53","29.46","32.53","29.46","","27.12%"
"09/14/2003","25.59","28.59","28.59","25.48","","-12.45%"
"09/07/2003","29.23","27.96","29.94","27.96","","3.76%"
"08/31/2003","28.17","26.61","28.31","26.61","","6.79%"
"08/24/2003","26.38","26.32","27.18","26.31","","8.43%"
"08/17/2003","24.33","25.44","25.44","24.33","","-6.31%"
"08/10/2003","25.97","27.12","27.37","25.97","","-2.44%"
"08/03/2003","26.62","28.41","30.15","26.62","","-0.41%"
"07/27/2003","26.73","27.70","28.23","26.28","","-2.87%"
"07/20/2003","27.52","31.60","31.60","27.52","","-7.96%"
"07/13/2003","29.90","31.12","31.91","29.90","","-3.95%"
"07/06/2003","31.13","31.32","32.02","31.13","","-0.73%"
"06/29/2003","31.36","33.10","34.52","31.36","","0.74%"
"06/22/2003","31.13","33.56","34.35","31.13","","0.42%"
"06/15/2003","31.00","33.08","33.92","31.00","","-5.72%"
"06/08/2003","32.88","33.52","33.52","32.46","","3.62%"
"06/01/2003","31.73","33.02","33.91","31.73","","-2.43%"
"05/25/2003","32.52","35.61","35.61","32.52","","-7.46%"
"05/18/2003","35.14","35.20","38.71","35.14","","13.46%"
"05/11/2003","30.97","35.91","35.91","30.97","","-15.66%"
"05/04/2003","36.72","37.65","37.80","36.34","","-2.78%"
"04/27/2003","37.77","38.05","38.05","37.55","","-4.16%"
"04/20/2003","39.41","39.36","40.12","38.34","","1.26%"
"04/13/2003","38.92","41.81","41.81","38.92","","-9.36%"
"04/06/2003","42.94","48.77","48.82","42.94","","-16.83%"
"03/30/2003","51.63","56.13","56.13","50.98","","0.43%"
"03/23/2003","51.41","58.26","58.44","51.41","","-1.34%"
"03/16/2003","52.11","64.45","64.45","52.11","","-9.84%"
"03/09/2003","57.80","46.57","57.80","46.57","","33.46%"
"03/02/2003","43.31","45.40","46.23","43.31","","-4.73%"
"02/23/2003","45.46","45.19","48.28","45.19","","8.99%"
"02/16/2003","41.71","41.90","42.84","40.95","","-3.52%"
"02/09/2003","43.23","46.16","46.16","43.22","","-5.82%"
"02/02/2003","45.90","43.00","46.96","43.00","","3.52%"
"01/26/2003","44.34","46.69","48.28","44.34","","4.30%"
"01/19/2003","42.51","39.48","43.84","39.48","","19.31%"
"01/12/2003","35.63","36.32","36.32","34.91","","0.28%"
"01/05/2003","35.53","40.62","40.62","35.53","","-11.44%"
"12/29/2002","40.12","44.92","44.92","40.12","","-7.45%"
"12/22/2002","43.35","42.27","43.35","40.99","","-2.91%"
"12/15/2002","44.65","42.71","47.05","42.71","","-4.39%"
"12/08/2002","46.70","46.09","46.70","42.80","","8.03%"
"12/01/2002","43.23","37.20","43.23","37.20","","20.99%"
"11/24/2002","35.73","37.32","37.73","35.73","","-2.75%"
"11/17/2002","36.74","42.63","42.63","36.74","","-13.53%"
"11/10/2002","42.49","50.25","50.25","42.49","","-15.38%"
"11/03/2002","50.21","43.71","50.21","43.15","","10.35%"
"10/27/2002","45.50","49.51","51.46","45.50","","-11.10%"
"10/20/2002","51.18","53.97","53.97","51.18","","-2.25%"
"10/13/2002","52.36","55.96","55.96","51.96","","-7.00%"
"10/06/2002","56.30","64.15","64.15","56.30","","-8.75%"
"09/29/2002","61.70","58.38","63.41","58.38","","15.13%"
"09/22/2002","53.59","58.39","60.16","53.57","","-0.70%"
"09/15/2002","53.97","53.33","55.81","53.33","","-1.15%"
"09/08/2002","54.60","52.57","54.60","47.44","","6.06%"
"09/01/2002","51.48","49.07","55.11","49.07","","10.07%"
"08/25/2002","46.77","43.09","49.33","41.99","","12.83%"
"08/18/2002","41.45","42.89","43.92","41.32","","-7.85%"
"08/11/2002","44.98","63.35","63.35","44.98","","-29.55%"
"08/04/2002","63.85","53.21","65.67","53.21","","22.88%"
"07/28/2002","51.96","49.91","52.00","49.34","","-5.65%"
"07/21/2002","55.07","56.90","65.61","55.07","","1.68%"
"07/14/2002","54.16","52.61","54.45","51.82","","8.71%"
"07/07/2002","49.82","36.78","49.82","36.78","","38.16%"
"06/30/2002","36.06","35.41","40.13","35.41","","4.22%"
"06/23/2002","34.60","36.35","39.24","34.60","","0.79%"
"06/16/2002","34.33","31.51","34.89","31.10","","-4.16%"
"06/09/2002","35.82","28.35","35.82","26.80","","25.60%"
"06/02/2002","28.52","23.07","28.52","23.07","","28.58%"
"05/26/2002","22.18","21.77","23.04","21.73","","3.64%"
"05/19/2002","21.40","20.29","22.76","20.29","","12.34%"
"05/12/2002","19.05","19.73","19.87","18.88","","-2.76%"
"05/05/2002","19.59","20.94","21.85","18.57","","-7.02%"
"04/28/2002","21.07","20.66","21.07","20.36","","2.63%"
"04/21/2002","20.53","19.09","20.53","19.00","","8.85%"
"04/14/2002","18.86","20.62","20.62","18.86","","-8.67%"
"04/07/2002","20.65","21.34","21.34","20.49","","4.98%"
"03/31/2002","19.67","18.99","19.67","18.83","","11.32%"
"03/24/2002","17.67","19.53","19.53","17.67","","-9.06%"
"03/17/2002","19.43","21.24","21.24","19.43","","-9.33%"
"03/10/2002","21.43","23.80","23.94","21.43","","-9.58%"
"03/03/2002","23.70","23.55","24.79","23.55","","2.20%"
"02/24/2002","23.19","26.17","26.17","23.19","","-13.11%"
"02/17/2002","26.69","23.63","26.69","23.63","","16.96%"
"02/10/2002","22.82","24.13","24.13","22.82","","-6.13%"
"02/03/2002","24.31","22.81","26.11","22.81","","8.77%"
"01/27/2002","22.35","22.04","23.43","22.04","","1.87%"
"01/20/2002","21.94","25.23","25.23","21.94","","-11.75%"
"01/13/2002","24.86","26.89","26.89","24.86","","-3.46%"
"01/06/2002","25.75","26.85","26.85","25.75","","-1.23%"
"12/30/2001","26.07","27.70","27.70","26.07","","-0.31%"
"12/23/2001","26.15","27.46","27.46","26.15","","-7.47%"
"12/16/2001","28.26","29.17","29.45","28.26","","-8.51%"
"12/09/2001","30.89","28.98","31.23","28.98","","12.12%"
"12/02/2001","27.55","30.94","30.94","27.55","","-7.86%"
"11/25/2001","29.90","28.06","30.37","28.06","","6.03%"
"11/18/2001","28.20","29.52","30.71","28.20","","-7.18%"
"11/11/2001","30.38","37.04","37.04","30.38","","-9.53%"
"11/04/2001","33.58","36.44","36.44","33.20","","-10.83%"
"10/28/2001","37.66","38.29","40.34","37.66","","0.08%"
"10/21/2001","37.63","43.34","43.34","37.63","","-17.00%"
"10/14/2001","45.34","46.25","46.25","43.01","","8.44%"
"10/07/2001","41.81","45.74","45.74","41.50","","-3.55%"
"09/30/2001","43.35","45.09","45.09","43.18","","4.38%"
"09/23/2001","41.53","46.76","46.76","41.53","","-22.85%"
"09/16/2001","53.83","50.28","53.83","46.27","","0.71%"
"09/09/2001","53.45","34.89","53.45","34.89","","62.76%"
"09/02/2001","32.84","25.59","32.84","24.92","","35.76%"
"08/26/2001","24.19","21.00","24.19","21.00","","18.29%"
"08/19/2001","20.45","22.83","22.83","20.45","","-7.26%"
"08/12/2001","22.05","19.60","22.05","18.88","","16.05%"
"08/05/2001","19.00","20.66","20.68","19.00","","-6.86%"
"07/29/2001","20.40","20.96","20.96","19.97","","-5.03%"
"07/22/2001","21.48","22.45","23.31","21.48","","-5.67%"
"07/15/2001","22.77","22.13","24.62","22.13","","4.21%"
"07/08/2001","21.85","21.02","22.10","20.92","","8.22%"
"07/01/2001","20.19","18.55","20.19","18.55","","6.66%"
"06/24/2001","18.93","19.78","20.69","18.93","","-3.32%"
"06/17/2001","19.58","21.64","21.64","19.58","","-8.89%"
"06/10/2001","21.49","18.74","21.49","18.74","","14.86%"
"06/03/2001","18.71","19.34","19.34","18.71","","-5.03%"
"05/27/2001","19.70","19.60","20.30","19.60","","1.29%"
"05/20/2001","19.45","20.09","20.09","19.45","","-2.21%"
"05/13/2001","19.89","20.88","20.98","19.89","","-2.79%"
"05/06/2001","20.46","21.54","21.91","20.46","","-6.28%"
"04/29/2001","21.83","20.75","21.83","20.49","","8.28%"
"04/22/2001","20.16","25.26","25.26","20.16","","-17.07%"
"04/15/2001","24.31","26.02","26.02","24.31","","-0.25%"
"04/08/2001","24.37","27.52","27.52","24.37","","-12.65%"
"04/01/2001","27.90","27.45","29.72","27.45","","4.14%"
"03/25/2001","26.79","27.07","27.92","26.15","","-8.50%"
"03/18/2001","29.28","25.83","30.95","24.81","","15.59%"
"03/11/2001","25.33","21.71","25.33","21.71","","30.90%"
"03/04/2001","19.35","20.56","20.56","19.05","","-7.64%"
"02/25/2001","20.95","21.37","21.37","20.24","","-0.76%"
"02/18/2001","21.11","17.93","21.11","17.93","","22.52%"
"02/11/2001","17.23","16.73","17.23","16.30","","4.17%"
"02/04/2001","16.54","16.99","17.56","16.54","","-2.19%"
"01/28/2001","16.91","17.69","18.06","16.91","","-5.43%"
"01/21/2001","17.88","18.83","18.98","17.88","","-3.92%"
"01/14/2001","18.61","18.00","19.04","17.92","","2.59%"
"01/07/2001","18.14","21.45","21.45","18.14","","-14.47%"
"12/31/2000","21.21","22.38","22.90","21.21","","-1.58%"
"12/24/2000","21.55","23.16","23.16","21.55","","-9.64%"
"12/17/2000","23.85","22.16","25.15","21.96","","0.85%"
"12/10/2000","23.65","20.59","23.65","20.03","","12.24%"
"12/03/2000","21.07","23.19","23.19","21.07","","-4.18%"
"11/26/2000","21.99","21.31","22.88","21.31","","2.57%"
"11/19/2000","21.44","20.85","22.62","20.56","","12.90%"
"11/12/2000","18.99","22.38","22.38","18.99","","-3.31%"
"11/05/2000","19.64","18.92","19.64","18.92","","-0.61%"
"10/29/2000","19.76","21.75","21.75","19.76","","-10.51%"
"10/22/2000","22.08","23.30","23.30","22.08","","-4.91%"
"10/15/2000","23.22","25.04","27.79","23.22","","-1.44%"
"10/08/2000","23.56","21.02","23.88","20.96","","23.93%"
"10/01/2000","19.01","19.99","19.99","19.01","","-4.95%"
"09/24/2000","20.00","20.88","21.75","20.00","","-11.47%"
"09/17/2000","22.59","17.97","22.59","17.97","","30.88%"
"09/10/2000","17.26","18.16","18.97","17.26","","-9.06%"
"09/03/2000","18.98","17.60","18.98","17.60","","12.77%"
"08/27/2000","16.83","17.67","17.91","16.83","","-2.83%"
"08/20/2000","17.32","16.45","17.32","16.45","","10.60%"
"08/13/2000","15.66","15.53","16.38","15.53","","5.38%"
"08/06/2000","14.86","16.75","16.75","14.86","","-12.23%"
"07/30/2000","16.93","17.50","17.68","16.62","","-0.53%"
"07/23/2000","17.02","16.37","17.02","15.49","","2.47%"
"07/16/2000","16.61","16.77","16.93","16.56","","2.15%"
"07/09/2000","16.26","17.95","17.95","16.26","","-8.86%"
"07/02/2000","17.84","18.50","18.78","17.84","","-2.19%"
"06/25/2000","18.24","18.55","18.86","18.24","","-0.60%"
"06/18/2000","18.35","19.02","19.02","18.22","","-1.71%"
"06/11/2000","18.67","20.19","20.19","18.67","","-10.24%"
"06/04/2000","20.80","21.98","22.21","20.80","","-1.09%"
"05/28/2000","21.03","22.83","22.83","21.03","","-11.23%"
"05/21/2000","23.69","24.94","24.94","23.69","","3.54%"
"05/14/2000","22.88","22.84","22.89","21.87","","4.24%"
"05/07/2000","21.95","24.35","24.98","21.95","","-8.88%"
"04/30/2000","24.09","23.67","24.87","23.67","","2.69%"
"04/23/2000","23.46","24.04","24.69","23.18","","-0.68%"
"04/16/2000","23.62","29.30","29.30","23.62","","-11.37%"
"04/09/2000","26.65","25.89","26.65","25.58","","0.83%"
"04/02/2000","26.43","25.68","29.74","25.48","","7.88%"
"03/26/2000","24.50","23.26","24.95","22.51","","5.92%"
"03/19/2000","23.13","26.59","26.59","23.13","","-17.60%"
"03/12/2000","28.07","29.16","30.80","28.07","","5.37%"
"03/05/2000","26.64","25.80","28.48","25.79","","6.52%"
"02/27/2000","25.01","27.81","27.81","25.01","","-3.99%"
"02/20/2000","26.05","27.86","27.88","26.05","","0.12%"
"02/13/2000","26.02","27.53","27.62","26.02","","-1.48%"
"02/06/2000","26.41","25.93","26.41","25.41","","3.69%"
"01/30/2000","25.47","26.84","26.84","25.47","","3.12%"
"01/23/2000","24.70","24.00","24.98","24.00","","2.66%"
"01/16/2000","24.06","24.37","25.34","24.06","","-2.31%"
"01/09/2000","24.63","25.44","26.62","24.63","","-4.13%"